ds,trend,confirmed,yhat_lower,yhat_upper,trend_lower,trend_upper,additive_terms,additive_terms_lower,additive_terms_upper,holidays,holidays_lower,holidays_upper,multiplicative_terms,multiplicative_terms_lower,multiplicative_terms_upper,weekly,weekly_lower,weekly_upper,country
3/21/2021,148.3035801,457,394,519,148.3035801,148.3035801,-1.556718841,-1.556718841,-1.556718841,-1.556718841,-1.556718841,-1.556718841,2.093088983,2.093088983,2.093088983,2.093088983,2.093088983,2.093088983,Albania
3/22/2021,141.0450555,374,310,433,141.0450555,141.0450555,5.223006451,5.223006451,5.223006451,5.223006451,5.223006451,5.223006451,1.614938109,1.614938109,1.614938109,1.614938109,1.614938109,1.614938109,Albania
3/23/2021,133.7865309,407,350,471,133.7865309,133.7865309,8.269180042,8.269180042,8.269180042,8.269180042,8.269180042,8.269180042,1.981827324,1.981827324,1.981827324,1.981827324,1.981827324,1.981827324,Albania
3/24/2021,126.5280062,397,339,463,126.1756178,126.9241492,11.16394673,11.16394673,11.16394673,11.16394673,11.16394673,11.16394673,2.052511876,2.052511876,2.052511876,2.052511876,2.052511876,2.052511876,Albania
3/25/2021,119.2694816,390,330,452,118.0797034,120.499371,19.47083031,19.47083031,19.47083031,19.47083031,19.47083031,19.47083031,2.105482247,2.105482247,2.105482247,2.105482247,2.105482247,2.105482247,Albania
3/26/2021,112.010957,350,281,417,109.5802727,114.600762,3.430216245,3.430216245,3.430216245,3.430216245,3.430216245,3.430216245,2.095307955,2.095307955,2.095307955,2.095307955,2.095307955,2.095307955,Albania
3/27/2021,104.7524324,325,259,395,101.1372023,108.6891227,2.308771891,2.308771891,2.308771891,2.308771891,2.308771891,2.308771891,2.083797206,2.083797206,2.083797206,2.083797206,2.083797206,2.083797206,Albania
3/21/2021,2693.046322,4965,4146,5834,2693.046322,2693.046322,0,0,0,0,0,0,0.843452056,0.843452056,0.843452056,0.843452056,0.843452056,0.843452056,Argentina
3/22/2021,2718.258444,6265,5506,7126,2718.258444,2718.258444,0,0,0,0,0,0,1.304608963,1.304608963,1.304608963,1.304608963,1.304608963,1.304608963,Argentina
3/23/2021,2743.470566,8411,7631,9290,2743.470566,2743.470566,0,0,0,0,0,0,2.065963834,2.065963834,2.065963834,2.065963834,2.065963834,2.065963834,Argentina
3/24/2021,2768.682687,8718,7856,9637,2762.249469,2776.959704,0,0,0,0,0,0,2.14895386,2.14895386,2.14895386,2.14895386,2.14895386,2.14895386,Argentina
3/25/2021,2793.894809,8968,8083,9797,2774.126413,2812.456672,0,0,0,0,0,0,2.209677173,2.209677173,2.209677173,2.209677173,2.209677173,2.209677173,Argentina
3/26/2021,2819.106931,8787,7923,9652,2781.520576,2854.450565,0,0,0,0,0,0,2.117030244,2.117030244,2.117030244,2.117030244,2.117030244,2.117030244,Argentina
3/27/2021,2844.319052,6953,6066,7806,2787.925938,2897.075174,0,0,0,0,0,0,1.444531001,1.444531001,1.444531001,1.444531001,1.444531001,1.444531001,Argentina
3/21/2021,2.354608661,8,-44,61,2.354608661,2.354608661,0,0,0,0,0,0,2.210745303,2.210745303,2.210745303,2.210745303,2.210745303,2.210745303,Australia
3/22/2021,2.341782268,7,-41,59,2.341782268,2.341782268,0,0,0,0,0,0,1.856628272,1.856628272,1.856628272,1.856628272,1.856628272,1.856628272,Australia
3/23/2021,2.328955874,8,-43,62,2.328955874,2.328955874,0,0,0,0,0,0,2.333332041,2.333332041,2.333332041,2.333332041,2.333332041,2.333332041,Australia
3/24/2021,2.316129481,8,-44,57,2.316129481,2.320679869,0,0,0,0,0,0,2.580429131,2.580429131,2.580429131,2.580429131,2.580429131,2.580429131,Australia
3/25/2021,2.303303087,8,-43,61,2.096137848,2.824865262,0,0,0,0,0,0,2.547305577,2.547305577,2.547305577,2.547305577,2.547305577,2.547305577,Australia
3/26/2021,2.290476694,7,-46,59,1.681798777,3.611898412,0,0,0,0,0,0,1.891111635,1.891111635,1.891111635,1.891111635,1.891111635,1.891111635,Australia
3/27/2021,2.2776503,8,-45,64,1.092159758,4.465097116,0,0,0,0,0,0,2.724090838,2.724090838,2.724090838,2.724090838,2.724090838,2.724090838,Australia
3/21/2021,1027.473401,2720,2459,2975,1027.473401,1027.473401,0,0,0,0,0,0,1.647570562,1.647570562,1.647570562,1.647570562,1.647570562,1.647570562,Austria
3/22/2021,1043.239215,2131,1874,2371,1043.239215,1043.239215,0,0,0,0,0,0,1.042697221,1.042697221,1.042697221,1.042697221,1.042697221,1.042697221,Austria
3/23/2021,1059.00503,2739,2479,2999,1058.990971,1059.00503,0,0,0,0,0,0,1.586672194,1.586672194,1.586672194,1.586672194,1.586672194,1.586672194,Austria
3/24/2021,1074.770845,3462,3192,3695,1069.709306,1076.572888,0,0,0,0,0,0,2.22126913,2.22126913,2.22126913,2.22126913,2.22126913,2.22126913,Austria
3/25/2021,1090.53666,3916,3636,4172,1079.116146,1099.930355,0,0,0,0,0,0,2.590884531,2.590884531,2.590884531,2.590884531,2.590884531,2.590884531,Austria
3/26/2021,1106.302475,3932,3629,4212,1086.99784,1123.893546,0,0,0,0,0,0,2.554188651,2.554188651,2.554188651,2.554188651,2.554188651,2.554188651,Austria
3/27/2021,1122.06829,3646,3352,3911,1090.786491,1149.897954,0,0,0,0,0,0,2.249061262,2.249061262,2.249061262,2.249061262,2.249061262,2.249061262,Austria
3/21/2021,673.7356549,1836,1585,2070,673.7356549,673.7356549,3.490816326,3.490816326,3.490816326,3.490816326,3.490816326,3.490816326,1.719436038,1.719436038,1.719436038,1.719436038,1.719436038,1.719436038,Bangladesh
3/22/2021,704.0545267,2179,1955,2418,704.0545267,704.0545267,-5.474091972,-5.474091972,-5.474091972,-5.474091972,-5.474091972,-5.474091972,2.102275445,2.102275445,2.102275445,2.102275445,2.102275445,2.102275445,Bangladesh
3/23/2021,734.3733986,2307,2052,2530,734.3733986,734.3733986,-9.414186534,-9.414186534,-9.414186534,-9.414186534,-9.414186534,-9.414186534,2.154911385,2.154911385,2.154911385,2.154911385,2.154911385,2.154911385,Bangladesh
3/24/2021,764.6922705,2469,2226,2704,763.4374295,765.5026695,-16.64845658,-16.64845658,-16.64845658,-16.64845658,-16.64845658,-16.64845658,2.250521987,2.250521987,2.250521987,2.250521987,2.250521987,2.250521987,Bangladesh
3/25/2021,795.0111424,2563,2311,2813,789.1173296,799.3626771,0,0,0,0,0,0,2.223582054,2.223582054,2.223582054,2.223582054,2.223582054,2.223582054,Bangladesh
3/26/2021,825.3300142,2517,2268,2772,814.2907248,832.8969755,-32.38461888,-32.38461888,-32.38461888,-32.38461888,-32.38461888,-32.38461888,2.089315726,2.089315726,2.089315726,2.089315726,2.089315726,2.089315726,Bangladesh
3/27/2021,855.6488861,2321,2055,2585,839.6006907,869.177165,-38.64959761,-38.64959761,-38.64959761,-38.64959761,-38.64959761,-38.64959761,1.757198569,1.757198569,1.757198569,1.757198569,1.757198569,1.757198569,Bangladesh
3/21/2021,398.9163439,1068,912,1223,398.9163439,398.9163439,0,0,0,0,0,0,1.677721132,1.677721132,1.677721132,1.677721132,1.677721132,1.677721132,Belarus
3/22/2021,394.5725028,922,773,1076,394.5725028,394.5725028,0,0,0,0,0,0,1.337943654,1.337943654,1.337943654,1.337943654,1.337943654,1.337943654,Belarus
3/23/2021,390.2286617,845,701,997,390.2286617,390.2286617,0,0,0,0,0,0,1.166253721,1.166253721,1.166253721,1.166253721,1.166253721,1.166253721,Belarus
3/24/2021,385.8848206,999,857,1157,385.4907461,386.161173,0,0,0,0,0,0,1.587993267,1.587993267,1.587993267,1.587993267,1.587993267,1.587993267,Belarus
3/25/2021,381.5409795,998,838,1149,380.5616042,383.0175063,0,0,0,0,0,0,1.615310636,1.615310636,1.615310636,1.615310636,1.615310636,1.615310636,Belarus
3/26/2021,377.1971384,1040,880,1200,374.9876736,379.697607,0,0,0,0,0,0,1.756334702,1.756334702,1.756334702,1.756334702,1.756334702,1.756334702,Belarus
3/27/2021,372.8532973,1029,872,1191,369.0081709,376.9880965,0,0,0,0,0,0,1.758659381,1.758659381,1.758659381,1.758659381,1.758659381,1.758659381,Belarus
3/20/2021,1194.511712,4459,3484,5454,1194.511712,1194.511712,0,0,0,0,0,0,2.732981131,2.732981131,2.732981131,2.732981131,2.732981131,2.732981131,Belgium
3/21/2021,1222.76974,3486,2385,4545,1222.76974,1222.76974,0,0,0,0,0,0,1.85082504,1.85082504,1.85082504,1.85082504,1.85082504,1.85082504,Belgium
3/22/2021,1251.027767,2415,1408,3448,1251.027767,1251.027767,0,0,0,0,0,0,0.930420806,0.930420806,0.930420806,0.930420806,0.930420806,0.930420806,Belgium
3/23/2021,1279.285794,2920,1917,3902,1277.12698,1281.625883,0,0,0,0,0,0,1.282446389,1.282446389,1.282446389,1.282446389,1.282446389,1.282446389,Belgium
3/24/2021,1307.543822,5004,3979,6076,1286.166245,1321.189534,0,0,0,0,0,0,2.827088752,2.827088752,2.827088752,2.827088752,2.827088752,2.827088752,Belgium
3/25/2021,1335.801849,5681,4588,6744,1299.937191,1384.751552,0,0,0,0,0,0,3.252541696,3.252541696,3.252541696,3.252541696,3.252541696,3.252541696,Belgium
3/26/2021,1364.059877,5366,4203,6473,1283.389388,1436.854404,0,0,0,0,0,0,2.933766354,2.933766354,2.933766354,2.933766354,2.933766354,2.933766354,Belgium
3/21/2021,35468.66007,49183,40488,57495,35468.66007,35468.66007,0,0,0,0,0,0,0.386672338,0.386672338,0.386672338,0.386672338,0.386672338,0.386672338,Brazil
3/22/2021,35840.94441,40720,32912,49040,35840.94441,35840.94441,0,0,0,0,0,0,0.136120458,0.136120458,0.136120458,0.136120458,0.136120458,0.136120458,Brazil
3/23/2021,36213.22876,86785,78462,95484,36213.22876,36213.22876,0,0,0,0,0,0,1.396493253,1.396493253,1.396493253,1.396493253,1.396493253,1.396493253,Brazil
3/24/2021,36585.5131,95676,86885,103534,36585.5131,36593.18583,0,0,0,0,0,0,1.615143258,1.615143258,1.615143258,1.615143258,1.615143258,1.615143258,Brazil
3/25/2021,36957.79744,95536,87381,103723,36949.59408,36985.68868,0,0,0,0,0,0,1.585010246,1.585010246,1.585010246,1.585010246,1.585010246,1.585010246,Brazil
3/26/2021,37330.08179,91070,82789,100133,37286.00938,37390.97264,0,0,0,0,0,0,1.43958005,1.43958005,1.43958005,1.43958005,1.43958005,1.43958005,Brazil
3/27/2021,37702.36613,85706,76954,94359,37611.77674,37806.15637,0,0,0,0,0,0,1.273212883,1.273212883,1.273212883,1.273212883,1.273212883,1.273212883,Brazil
3/21/2021,1357.463257,1055,861,1257,1357.463257,1357.463257,0,0,0,0,0,0,-0.222656562,-0.222656562,-0.222656562,-0.222656562,-0.222656562,-0.222656562,Bulgaria
3/22/2021,1397.165361,4497,4287,4686,1397.165361,1397.165361,0,0,0,0,0,0,2.218765216,2.218765216,2.218765216,2.218765216,2.218765216,2.218765216,Bulgaria
3/23/2021,1436.867466,5695,5492,5914,1436.867466,1436.867466,0,0,0,0,0,0,2.96373452,2.96373452,2.96373452,2.96373452,2.96373452,2.96373452,Bulgaria
3/24/2021,1476.569571,5086,4875,5304,1474.778919,1478.559656,0,0,0,0,0,0,2.444251298,2.444251298,2.444251298,2.444251298,2.444251298,2.444251298,Bulgaria
3/25/2021,1516.271676,5030,4815,5236,1511.294803,1522.618696,0,0,0,0,0,0,2.317087019,2.317087019,2.317087019,2.317087019,2.317087019,2.317087019,Bulgaria
3/26/2021,1555.97378,5416,5201,5618,1544.75487,1565.921948,0,0,0,0,0,0,2.480916729,2.480916729,2.480916729,2.480916729,2.480916729,2.480916729,Bulgaria
3/27/2021,1595.675885,3113,2903,3316,1578.002899,1611.714089,0,0,0,0,0,0,0.950684199,0.950684199,0.950684199,0.950684199,0.950684199,0.950684199,Bulgaria
3/20/2021,14.8855529,26,14,40,14.8855529,14.8855529,0,0,0,0,0,0,0.767239442,0.767239442,0.767239442,0.767239442,0.767239442,0.767239442,Burundi
3/21/2021,14.8642311,26,13,39,14.8642311,14.8642311,0,0,0,0,0,0,0.778299534,0.778299534,0.778299534,0.778299534,0.778299534,0.778299534,Burundi
3/22/2021,14.84290931,14,0,26,14.84290931,14.84290931,0,0,0,0,0,0,-0.089204567,-0.089204567,-0.089204567,-0.089204567,-0.089204567,-0.089204567,Burundi
3/23/2021,14.82158751,8,-4,21,14.81509344,14.82597941,0,0,0,0,0,0,-0.441525287,-0.441525287,-0.441525287,-0.441525287,-0.441525287,-0.441525287,Burundi
3/24/2021,14.80026571,33,21,46,14.77884516,14.81954715,0,0,0,0,0,0,1.260855937,1.260855937,1.260855937,1.260855937,1.260855937,1.260855937,Burundi
3/25/2021,14.77894392,34,21,47,14.73980567,14.82189766,0,0,0,0,0,0,1.293678842,1.293678842,1.293678842,1.293678842,1.293678842,1.293678842,Burundi
3/26/2021,14.75762212,23,10,35,14.68294883,14.83493318,0,0,0,0,0,0,0.557276237,0.557276237,0.557276237,0.557276237,0.557276237,0.557276237,Burundi
3/21/2021,1541.22777,3365,2735,3975,1541.22777,1541.22777,0,0,0,0,0,0,1.183037195,1.183037195,1.183037195,1.183037195,1.183037195,1.183037195,Canada
3/22/2021,1550.72018,3963,3282,4559,1550.72018,1550.72018,0,0,0,0,0,0,1.555345142,1.555345142,1.555345142,1.555345142,1.555345142,1.555345142,Canada
3/23/2021,1560.212591,3339,2701,3933,1560.212591,1560.212591,0,0,0,0,0,0,1.140197061,1.140197061,1.140197061,1.140197061,1.140197061,1.140197061,Canada
3/24/2021,1569.705001,3435,2765,4071,1569.705001,1569.705001,0,0,0,0,0,0,1.188144348,1.188144348,1.188144348,1.188144348,1.188144348,1.188144348,Canada
3/25/2021,1579.197411,3680,3048,4349,1575.487083,1581.366149,0,0,0,0,0,0,1.330074227,1.330074227,1.330074227,1.330074227,1.330074227,1.330074227,Canada
3/26/2021,1588.689822,3513,2858,4150,1578.574797,1595.596606,0,0,0,0,0,0,1.211107711,1.211107711,1.211107711,1.211107711,1.211107711,1.211107711,Canada
3/27/2021,1598.182232,3221,2566,3861,1580.890943,1612.907214,0,0,0,0,0,0,1.015551989,1.015551989,1.015551989,1.015551989,1.015551989,1.015551989,Canada
3/21/2021,2318.019146,6097,5395,6783,2318.019146,2318.019146,0,0,0,0,0,0,1.630448215,1.630448215,1.630448215,1.630448215,1.630448215,1.630448215,Chile
3/22/2021,2352.568358,5608,4896,6287,2352.568358,2352.568358,0,0,0,0,0,0,1.38398349,1.38398349,1.38398349,1.38398349,1.38398349,1.38398349,Chile
3/23/2021,2387.11757,4630,3900,5287,2387.11757,2387.11757,0,0,0,0,0,0,0.93946885,0.93946885,0.93946885,0.93946885,0.93946885,0.93946885,Chile
3/24/2021,2421.666782,4690,4025,5342,2417.271636,2425.741385,0,0,0,0,0,0,0.936681301,0.936681301,0.936681301,0.936681301,0.936681301,0.936681301,Chile
3/25/2021,2456.215994,6279,5582,6911,2444.66245,2467.172658,0,0,0,0,0,0,1.556170025,1.556170025,1.556170025,1.556170025,1.556170025,1.556170025,Chile
3/26/2021,2490.765206,6748,5996,7434,2470.601511,2507.01546,0,0,0,0,0,0,1.709010906,1.709010906,1.709010906,1.709010906,1.709010906,1.709010906,Chile
3/27/2021,2525.314419,8519,7793,9206,2490.979323,2552.108589,0,0,0,0,0,0,2.373588821,2.373588821,2.373588821,2.373588821,2.373588821,2.373588821,Chile
3/21/2021,-4.316394797,-8,-718,697,-4.316394797,-4.316394797,0,0,0,0,0,0,0.809358244,0.809358244,0.809358244,0.809358244,0.809358244,0.809358244,China
3/22/2021,-4.971003331,-8,-712,678,-4.971003331,-4.971003331,0,0,0,0,0,0,0.570582108,0.570582108,0.570582108,0.570582108,0.570582108,0.570582108,China
3/23/2021,-5.625611864,-10,-673,667,-5.625611864,-5.625611864,0,0,0,0,0,0,0.786353312,0.786353312,0.786353312,0.786353312,0.786353312,0.786353312,China
3/24/2021,-6.280220397,-7,-737,686,-9.240915574,-4.736914304,0,0,0,0,0,0,0.192676203,0.192676203,0.192676203,0.192676203,0.192676203,0.192676203,China
3/25/2021,-6.934828931,-34,-697,699,-13.72689049,-2.240373977,0,0,0,0,0,0,3.848827714,3.848827714,3.848827714,3.848827714,3.848827714,3.848827714,China
3/26/2021,-7.589437464,-21,-728,699,-22.18312784,5.815295479,0,0,0,0,0,0,1.75092421,1.75092421,1.75092421,1.75092421,1.75092421,1.75092421,China
3/27/2021,-8.244045997,-13,-669,667,-27.58835758,10.84181059,0,0,0,0,0,0,0.621210915,0.621210915,0.621210915,0.621210915,0.621210915,0.621210915,China
3/21/2021,1673.436599,4663,3770,5694,1673.436599,1673.436599,0,0,0,0,0,0,1.786691662,1.786691662,1.786691662,1.786691662,1.786691662,1.786691662,Colombia
3/22/2021,1705.508321,4388,3428,5395,1705.508321,1705.508321,0,0,0,0,0,0,1.572790413,1.572790413,1.572790413,1.572790413,1.572790413,1.572790413,Colombia
3/23/2021,1737.580043,4811,3860,5742,1737.580043,1737.580043,0,0,0,0,0,0,1.768681482,1.768681482,1.768681482,1.768681482,1.768681482,1.768681482,Colombia
3/24/2021,1769.651765,5403,4458,6362,1769.315508,1774.480595,0,0,0,0,0,0,2.053281904,2.053281904,2.053281904,2.053281904,2.053281904,2.053281904,Colombia
3/25/2021,1801.723487,5691,4708,6666,1787.474598,1823.616146,0,0,0,0,0,0,2.158612059,2.158612059,2.158612059,2.158612059,2.158612059,2.158612059,Colombia
3/26/2021,1833.795209,5523,4555,6564,1802.54403,1873.747464,-29.64772436,-29.64772436,-29.64772436,-29.64772436,-29.64772436,-29.64772436,2.028101054,2.028101054,2.028101054,2.028101054,2.028101054,2.028101054,Colombia
3/27/2021,1865.866931,5737,4670,6776,1810.516452,1923.313083,-18.08045433,-18.08045433,-18.08045433,-18.08045433,-18.08045433,-18.08045433,2.084522991,2.084522991,2.084522991,2.084522991,2.084522991,2.084522991,Colombia
3/21/2021,324.9746167,915,724,1102,324.9746167,324.9746167,0,0,0,0,0,0,1.815663147,1.815663147,1.815663147,1.815663147,1.815663147,1.815663147,Croatia
3/22/2021,334.5735016,489,297,671,334.5735016,334.5735016,0,0,0,0,0,0,0.460248027,0.460248027,0.460248027,0.460248027,0.460248027,0.460248027,Croatia
3/23/2021,344.1723864,812,616,1010,344.1723864,344.1723864,0,0,0,0,0,0,1.360454237,1.360454237,1.360454237,1.360454237,1.360454237,1.360454237,Croatia
3/24/2021,353.7712712,1310,1116,1509,351.1949466,353.7712712,0,0,0,0,0,0,2.704192304,2.704192304,2.704192304,2.704192304,2.704192304,2.704192304,Croatia
3/25/2021,363.370156,1449,1248,1648,357.0501275,365.0904959,0,0,0,0,0,0,2.988926845,2.988926845,2.988926845,2.988926845,2.988926845,2.988926845,Croatia
3/26/2021,372.9690409,1374,1128,1587,359.6835933,379.3424044,0,0,0,0,0,0,2.68483858,2.68483858,2.68483858,2.68483858,2.68483858,2.68483858,Croatia
3/27/2021,382.5679257,1377,1147,1593,363.0909148,394.073159,0,0,0,0,0,0,2.599004196,2.599004196,2.599004196,2.599004196,2.599004196,2.599004196,Croatia
3/21/2021,3020.097755,5749,4608,6900,3020.097755,3020.097755,0,0,0,0,0,0,0.903637835,0.903637835,0.903637835,0.903637835,0.903637835,0.903637835,Czechia
3/22/2021,2961.888227,4400,3158,5552,2961.888227,2961.888227,0,0,0,0,0,0,0.485500666,0.485500666,0.485500666,0.485500666,0.485500666,0.485500666,Czechia
3/23/2021,2903.6787,9854,8758,11053,2903.35616,2903.6787,0,0,0,0,0,0,2.393733058,2.393733058,2.393733058,2.393733058,2.393733058,2.393733058,Czechia
3/24/2021,2845.469172,11806,10607,13000,2831.062167,2854.098548,0,0,0,0,0,0,3.148937997,3.148937997,3.148937997,3.148937997,3.148937997,3.148937997,Czechia
3/25/2021,2787.259644,10981,9811,12162,2755.248169,2811.404375,0,0,0,0,0,0,2.939773696,2.939773696,2.939773696,2.939773696,2.939773696,2.939773696,Czechia
3/26/2021,2729.050116,9894,8725,11125,2675.628802,2776.037228,0,0,0,0,0,0,2.625603233,2.625603233,2.625603233,2.625603233,2.625603233,2.625603233,Czechia
3/27/2021,2670.840588,8943,7725,10186,2587.817053,2739.989846,0,0,0,0,0,0,2.348482865,2.348482865,2.348482865,2.348482865,2.348482865,2.348482865,Czechia
3/21/2021,279.8662097,670,422,905,279.8662097,279.8662097,0,0,0,0,0,0,1.393166739,1.393166739,1.393166739,1.393166739,1.393166739,1.393166739,Denmark
3/22/2021,283.8186894,765,526,1018,283.8186894,283.8186894,0,0,0,0,0,0,1.696767123,1.696767123,1.696767123,1.696767123,1.696767123,1.696767123,Denmark
3/23/2021,287.7711692,739,486,983,287.7380859,287.7711692,0,0,0,0,0,0,1.568993502,1.568993502,1.568993502,1.568993502,1.568993502,1.568993502,Denmark
3/24/2021,291.7236489,886,633,1140,290.436994,293.0044668,0,0,0,0,0,0,2.038034668,2.038034668,2.038034668,2.038034668,2.038034668,2.038034668,Denmark
3/25/2021,295.6761287,878,646,1125,291.6123429,299.5596763,0,0,0,0,0,0,1.969660995,1.969660995,1.969660995,1.969660995,1.969660995,1.969660995,Denmark
3/26/2021,299.6286084,974,746,1240,292.3995456,307.1881682,0,0,0,0,0,0,2.249397648,2.249397648,2.249397648,2.249397648,2.249397648,2.249397648,Denmark
3/27/2021,303.5810882,847,616,1097,292.8331142,315.2642461,0,0,0,0,0,0,1.788629087,1.788629087,1.788629087,1.788629087,1.788629087,1.788629087,Denmark
3/21/2021,120.3392969,317,78,548,120.3392969,120.3392969,0,0,0,0,0,0,1.637447489,1.637447489,1.637447489,1.637447489,1.637447489,1.637447489,Dominican Republic
3/22/2021,113.2865855,225,-12,439,113.2865855,113.2865855,0,0,0,0,0,0,0.985509584,0.985509584,0.985509584,0.985509584,0.985509584,0.985509584,Dominican Republic
3/23/2021,106.233874,176,-52,389,106.233874,106.3265581,0,0,0,0,0,0,0.652587037,0.652587037,0.652587037,0.652587037,0.652587037,0.652587037,Dominican Republic
3/24/2021,99.18116252,245,22,478,98.87559366,100.2459777,0,0,0,0,0,0,1.474687106,1.474687106,1.474687106,1.474687106,1.474687106,1.474687106,Dominican Republic
3/25/2021,92.12845105,252,12,492,90.74813182,94.61099833,0,0,0,0,0,0,1.737497673,1.737497673,1.737497673,1.737497673,1.737497673,1.737497673,Dominican Republic
3/26/2021,85.07573958,227,-18,461,82.21063633,88.80966245,0,0,0,0,0,0,1.663560845,1.663560845,1.663560845,1.663560845,1.663560845,1.663560845,Dominican Republic
3/27/2021,78.02302811,241,17,478,74.15479929,83.53803132,0,0,0,0,0,0,2.094588206,2.094588206,2.094588206,2.094588206,2.094588206,2.094588206,Dominican Republic
3/21/2021,186.6056832,626,545,708,186.6056832,186.6056832,0,0,0,0,0,0,2.35221229,2.35221229,2.35221229,2.35221229,2.35221229,2.35221229,Egypt
3/22/2021,186.9813409,643,553,727,186.9813409,186.9813409,0,0,0,0,0,0,2.437917444,2.437917444,2.437917444,2.437917444,2.437917444,2.437917444,Egypt
3/23/2021,187.3569986,633,543,719,187.3569986,187.8296938,0,0,0,0,0,0,2.378119309,2.378119309,2.378119309,2.378119309,2.378119309,2.378119309,Egypt
3/24/2021,187.7326563,633,551,726,187.3605627,189.7612583,0,0,0,0,0,0,2.374234927,2.374234927,2.374234927,2.374234927,2.374234927,2.374234927,Egypt
3/25/2021,188.1083141,644,552,745,186.57919,191.8991291,0,0,0,0,0,0,2.423746767,2.423746767,2.423746767,2.423746767,2.423746767,2.423746767,Egypt
3/26/2021,188.4839718,669,579,771,185.1197978,194.6023194,0,0,0,0,0,0,2.551472084,2.551472084,2.551472084,2.551472084,2.551472084,2.551472084,Egypt
3/27/2021,188.8596295,641,543,753,182.9827674,197.4239814,0,0,0,0,0,0,2.392507525,2.392507525,2.392507525,2.392507525,2.392507525,2.392507525,Egypt
3/21/2021,647.1682163,1215,1131,1293,647.1682163,647.1682163,0,0,0,0,0,0,0.87784748,0.87784748,0.87784748,0.87784748,0.87784748,0.87784748,Estonia
3/22/2021,649.7147117,1141,1066,1217,649.7147117,649.7147117,0,0,0,0,0,0,0.756243879,0.756243879,0.756243879,0.756243879,0.756243879,0.756243879,Estonia
3/23/2021,652.2612071,1339,1256,1418,652.2612071,652.2612071,0,0,0,0,0,0,1.052514028,1.052514028,1.052514028,1.052514028,1.052514028,1.052514028,Estonia
3/24/2021,654.8077025,1739,1656,1821,654.648983,655.1371098,0,0,0,0,0,0,1.65507239,1.65507239,1.65507239,1.65507239,1.65507239,1.65507239,Estonia
3/25/2021,657.3541979,1840,1766,1925,656.6291634,658.5530342,0,0,0,0,0,0,1.79919518,1.79919518,1.79919518,1.79919518,1.79919518,1.79919518,Estonia
3/26/2021,659.9006933,1642,1561,1721,658.2970922,661.9929113,0,0,0,0,0,0,1.48770646,1.48770646,1.48770646,1.48770646,1.48770646,1.48770646,Estonia
3/27/2021,662.4471887,1608,1528,1683,659.7466444,665.2724116,0,0,0,0,0,0,1.427134537,1.427134537,1.427134537,1.427134537,1.427134537,1.427134537,Estonia
3/21/2021,318.9798431,711,650,770,318.9798431,318.9798431,0,0,0,0,0,0,1.22937146,1.22937146,1.22937146,1.22937146,1.22937146,1.22937146,Finland
3/22/2021,322.713411,541,483,604,322.713411,322.713411,0,0,0,0,0,0,0.677762152,0.677762152,0.677762152,0.677762152,0.677762152,0.677762152,Finland
3/23/2021,326.4469789,711,651,769,326.4469789,326.4469789,0,0,0,0,0,0,1.177494861,1.177494861,1.177494861,1.177494861,1.177494861,1.177494861,Finland
3/24/2021,330.1805467,888,829,945,330.0915348,330.2144965,0,0,0,0,0,0,1.688372455,1.688372455,1.688372455,1.688372455,1.688372455,1.688372455,Finland
3/25/2021,333.9141146,894,833,948,333.5334264,334.2650044,0,0,0,0,0,0,1.676848687,1.676848687,1.676848687,1.676848687,1.676848687,1.676848687,Finland
3/26/2021,337.6476825,874,816,934,336.9256801,338.2548258,0,0,0,0,0,0,1.587391406,1.587391406,1.587391406,1.587391406,1.587391406,1.587391406,Finland
3/27/2021,341.3812504,891,831,951,340.2643221,342.4038217,0,0,0,0,0,0,1.609745323,1.609745323,1.609745323,1.609745323,1.609745323,1.609745323,Finland
3/21/2021,10505.1406,20418,11781,29186,10505.1406,10505.1406,0,0,0,0,0,0,0.943594148,0.943594148,0.943594148,0.943594148,0.943594148,0.943594148,France
3/22/2021,10550.30569,21627,13076,30337,10550.30569,10550.30569,0,0,0,0,0,0,1.049932214,1.049932214,1.049932214,1.049932214,1.049932214,1.049932214,France
3/23/2021,10595.47078,25144,16427,33791,10595.47078,10595.47078,0,0,0,0,0,0,1.373131901,1.373131901,1.373131901,1.373131901,1.373131901,1.373131901,France
3/24/2021,10640.63587,27610,19099,36236,10640.62536,10640.63587,0,0,0,0,0,0,1.594765319,1.594765319,1.594765319,1.594765319,1.594765319,1.594765319,France
3/25/2021,10685.80096,27053,18898,35335,10666.95057,10709.2771,0,0,0,0,0,0,1.53172274,1.53172274,1.53172274,1.53172274,1.53172274,1.53172274,France
3/26/2021,10730.96606,26321,16734,34907,10662.17532,10774.60012,0,0,0,0,0,0,1.452807994,1.452807994,1.452807994,1.452807994,1.452807994,1.452807994,France
3/27/2021,10776.13115,26601,18434,35780,10653.25587,10871.41905,0,0,0,0,0,0,1.468477859,1.468477859,1.468477859,1.468477859,1.468477859,1.468477859,France
3/21/2021,106.9666998,275,-85,585,106.9666998,106.9666998,0,0,0,,,,1.569393596,1.569393596,1.569393596,1.569393596,1.569393596,1.569393596,Georgia
3/22/2021,105.7713838,212,-90,542,105.7713838,105.7713838,0,0,0,,,,1.007298043,1.007298043,1.007298043,1.007298043,1.007298043,1.007298043,Georgia
3/23/2021,104.5760677,295,-19,619,104.5760677,104.5760677,0,0,0,,,,1.819252749,1.819252749,1.819252749,1.819252749,1.819252749,1.819252749,Georgia
3/24/2021,103.3807516,284,-51,602,102.5653851,105.681161,0,0,0,,,,1.745382847,1.745382847,1.745382847,1.745382847,1.745382847,1.745382847,Georgia
3/25/2021,102.1854355,287,-47,633,98.16572462,108.8327382,0,0,0,,,,1.807451841,1.807451841,1.807451841,1.807451841,1.807451841,1.807451841,Georgia
3/26/2021,100.9901194,295,-20,620,93.24105553,111.5450736,0,0,0,,,,1.923024797,1.923024797,1.923024797,1.923024797,1.923024797,1.923024797,Georgia
3/27/2021,99.79480335,296,-35,645,88.06400253,116.0950711,0,0,0,,,,1.96603321,1.96603321,1.96603321,1.96603321,1.96603321,1.96603321,Georgia
3/21/2021,6251.513569,7000,3428,10783,6251.513569,6251.513569,0,0,0,0,0,0,0.119719053,0.119719053,0.119719053,0.119719053,0.119719053,0.119719053,Germany
3/22/2021,6383.373612,9110,5680,13163,6383.373612,6383.373612,0,0,0,0,0,0,0.427202338,0.427202338,0.427202338,0.427202338,0.427202338,0.427202338,Germany
3/23/2021,6515.233656,17000,13358,20643,6515.233656,6515.233656,0,0,0,0,0,0,1.60919638,1.60919638,1.60919638,1.60919638,1.60919638,1.60919638,Germany
3/24/2021,6647.093699,20139,16461,24113,6641.428128,6648.450314,0,0,0,0,0,0,2.029752475,2.029752475,2.029752475,2.029752475,2.029752475,2.029752475,Germany
3/25/2021,6778.953742,18591,14864,22265,6757.355737,6794.656504,0,0,0,0,0,0,1.742420072,1.742420072,1.742420072,1.742420072,1.742420072,1.742420072,Germany
3/26/2021,6910.813785,15839,12230,19361,6877.006179,6944.678648,0,0,0,0,0,0,1.291977046,1.291977046,1.291977046,1.291977046,1.291977046,1.291977046,Germany
3/27/2021,7042.673828,13923,10212,17244,6988.034745,7117.231505,0,0,0,0,0,0,0.97699249,0.97699249,0.97699249,0.97699249,0.97699249,0.97699249,Germany
3/21/2021,868.261209,1741,1561,1925,868.261209,868.261209,2.260983427,2.260983427,2.260983427,2.260983427,2.260983427,2.260983427,1.00235224,1.00235224,1.00235224,1.00235224,1.00235224,1.00235224,Greece
3/22/2021,879.4264043,1675,1483,1843,879.4264043,879.4264043,0,0,0,0,0,0,0.904901019,0.904901019,0.904901019,0.904901019,0.904901019,0.904901019,Greece
3/23/2021,890.5915996,2811,2629,3010,890.5915996,890.5915996,-13.71297458,-13.71297458,-13.71297458,-13.71297458,-13.71297458,-13.71297458,2.171835823,2.171835823,2.171835823,2.171835823,2.171835823,2.171835823,Greece
3/24/2021,901.7567949,3230,3038,3411,900.9014267,902.458097,-21.19451416,-21.19451416,-21.19451416,-21.19451416,-21.19451416,-21.19451416,2.605915078,2.605915078,2.605915078,2.605915078,2.605915078,2.605915078,Greece
3/25/2021,912.9219902,3170,2985,3352,909.7536311,916.7197498,0,0,0,0,0,0,2.472643533,2.472643533,2.472643533,2.472643533,2.472643533,2.472643533,Greece
3/26/2021,924.0871856,2960,2768,3163,917.6125138,931.1921737,0,0,0,0,0,0,2.203593653,2.203593653,2.203593653,2.203593653,2.203593653,2.203593653,Greece
3/27/2021,935.2523809,2863,2660,3065,924.5451138,945.3511792,0,0,0,0,0,0,2.060924573,2.060924573,2.060924573,2.060924573,2.060924573,2.060924573,Greece
3/21/2021,246.6289211,502,272,745,246.6289211,246.6289211,0,0,0,0,0,0,1.036501282,1.036501282,1.036501282,1.036501282,1.036501282,1.036501282,Honduras
3/22/2021,242.0927576,465,216,708,242.0927576,242.0927576,0,0,0,0,0,0,0.92206688,0.92206688,0.92206688,0.92206688,0.92206688,0.92206688,Honduras
3/23/2021,237.5565942,489,235,736,237.5565942,237.5573239,19.18647804,19.18647804,19.18647804,19.18647804,19.18647804,19.18647804,0.977030692,0.977030692,0.977030692,0.977030692,0.977030692,0.977030692,Honduras
3/24/2021,233.0204308,555,302,801,232.7448361,233.5482942,0,0,0,0,0,0,1.382126567,1.382126567,1.382126567,1.382126567,1.382126567,1.382126567,Honduras
3/25/2021,228.4842674,489,236,739,227.6728095,229.7312161,18.08367469,18.08367469,18.08367469,18.08367469,18.08367469,18.08367469,1.061477181,1.061477181,1.061477181,1.061477181,1.061477181,1.061477181,Honduras
3/26/2021,223.9481039,503,250,733,222.1905959,226.3108951,23.22131494,23.22131494,23.22131494,23.22131494,23.22131494,23.22131494,1.140416703,1.140416703,1.140416703,1.140416703,1.140416703,1.140416703,Honduras
3/27/2021,219.4119405,501,256,736,216.6115945,223.090745,20.49092608,20.49092608,20.49092608,20.49092608,20.49092608,20.49092608,1.19112819,1.19112819,1.19112819,1.19112819,1.19112819,1.19112819,Honduras
3/21/2021,3414.312229,9301,8711,9886,3414.312229,3414.312229,-454.0955911,-454.0955911,-454.0955911,-454.0955911,-454.0955911,-454.0955911,1.857154995,1.857154995,1.857154995,1.857154995,1.857154995,1.857154995,Hungary
3/22/2021,3497.303113,7847,7266,8416,3497.303113,3497.303113,-197.1117758,-197.1117758,-197.1117758,-197.1117758,-197.1117758,-197.1117758,1.300091172,1.300091172,1.300091172,1.300091172,1.300091172,1.300091172,Hungary
3/23/2021,3580.293996,6912,6294,7512,3580.293996,3580.293996,80.8660291,80.8660291,80.8660291,80.8660291,80.8660291,80.8660291,0.908080688,0.908080688,0.908080688,0.908080688,0.908080688,0.908080688,Hungary
3/24/2021,3663.28488,7191,6586,7747,3659.899624,3667.25858,112.2917782,112.2917782,112.2917782,112.2917782,112.2917782,112.2917782,0.932397712,0.932397712,0.932397712,0.932397712,0.932397712,0.932397712,Hungary
3/25/2021,3746.275763,10698,10110,11259,3737.754381,3756.532456,264.878694,264.878694,264.878694,264.878694,264.878694,264.878694,1.784956487,1.784956487,1.784956487,1.784956487,1.784956487,1.784956487,Hungary
3/26/2021,3829.266647,12086,11524,12648,3814.950408,3849.112151,0,0,0,0,0,0,2.156158583,2.156158583,2.156158583,2.156158583,2.156158583,2.156158583,Hungary
3/27/2021,3912.25753,12031,11425,12611,3888.151013,3942.86758,0,0,0,0,0,0,2.075286618,2.075286618,2.075286618,2.075286618,2.075286618,2.075286618,Hungary
3/20/2021,0.570936904,2,-12,18,0.570936904,0.570936904,0,0,0,0,0,0,2.32485768,2.32485768,2.32485768,2.32485768,2.32485768,2.32485768,Iceland
3/21/2021,0.538498888,1,-14,16,0.538498888,0.538498888,0,0,0,0,0,0,1.618057121,1.618057121,1.618057121,1.618057121,1.618057121,1.618057121,Iceland
3/22/2021,0.506060872,1,-14,16,0.506060872,0.506060872,0,0,0,0,0,0,1.593634625,1.593634625,1.593634625,1.593634625,1.593634625,1.593634625,Iceland
3/23/2021,0.473622856,1,-15,16,0.413291298,0.473769726,0,0,0,0,0,0,2.113299857,2.113299857,2.113299857,2.113299857,2.113299857,2.113299857,Iceland
3/24/2021,0.44118484,1,-14,17,0.291673209,0.488623883,0,0,0,0,0,0,2.317793896,2.317793896,2.317793896,2.317793896,2.317793896,2.317793896,Iceland
3/25/2021,0.408746824,1,-13,16,0.097289751,0.550966806,0,0,0,0,0,0,2.176065567,2.176065567,2.176065567,2.176065567,2.176065567,2.176065567,Iceland
3/26/2021,0.376308808,1,-14,17,-0.056635467,0.619020228,0,0,0,0,0,0,2.360526355,2.360526355,2.360526355,2.360526355,2.360526355,2.360526355,Iceland
3/21/2021,13960.21871,38852,36961,40753,13960.21871,13960.21871,0,0,0,0,0,0,1.783035393,1.783035393,1.783035393,1.783035393,1.783035393,1.783035393,India
3/22/2021,14484.25998,35096,32996,37037,14484.25998,14484.25998,0,0,0,0,0,0,1.423078023,1.423078023,1.423078023,1.423078023,1.423078023,1.423078023,India
3/23/2021,15008.30124,41325,39352,43224,15008.30124,15008.30124,0,0,0,0,0,0,1.7534442,1.7534442,1.7534442,1.7534442,1.7534442,1.7534442,India
3/24/2021,15532.3425,46354,44278,48353,15532.3425,15542.17043,0,0,0,0,0,0,1.98434263,1.98434263,1.98434263,1.98434263,1.98434263,1.98434263,India
3/25/2021,16056.38376,47138,45011,49384,16026.84209,16094.17075,0,0,0,0,0,0,1.935787649,1.935787649,1.935787649,1.935787649,1.935787649,1.935787649,India
3/26/2021,16580.42503,48877,46600,51052,16502.25647,16686.13383,0,0,0,0,0,0,1.947867131,1.947867131,1.947867131,1.947867131,1.947867131,1.947867131,India
3/27/2021,17104.46629,50351,47948,52904,16930.43482,17247.20648,0,0,0,0,0,0,1.943748093,1.943748093,1.943748093,1.943748093,1.943748093,1.943748093,India
3/21/2021,1922.40381,4871,4280,5418,1922.40381,1922.40381,35.5211978,35.5211978,35.5211978,35.5211978,35.5211978,35.5211978,1.515383931,1.515383931,1.515383931,1.515383931,1.515383931,1.515383931,Indonesia
3/22/2021,1890.445788,4265,3618,4832,1890.445788,1890.445788,0,0,0,0,0,0,1.256310198,1.256310198,1.256310198,1.256310198,1.256310198,1.256310198,Indonesia
3/23/2021,1858.487766,4623,4062,5193,1858.487766,1858.487766,0,0,0,0,0,0,1.487369456,1.487369456,1.487369456,1.487369456,1.487369456,1.487369456,Indonesia
3/24/2021,1826.529745,4877,4288,5445,1823.093851,1832.105434,0,0,0,0,0,0,1.669881401,1.669881401,1.669881401,1.669881401,1.669881401,1.669881401,Indonesia
3/25/2021,1794.571723,4943,4322,5554,1784.681018,1809.302042,0,0,0,0,0,0,1.754559841,1.754559841,1.754559841,1.754559841,1.754559841,1.754559841,Indonesia
3/26/2021,1762.613701,5046,4411,5664,1742.551516,1790.629886,0,0,0,0,0,0,1.862991136,1.862991136,1.862991136,1.862991136,1.862991136,1.862991136,Indonesia
3/27/2021,1730.655679,4848,4189,5450,1697.214591,1770.974566,0,0,0,0,0,0,1.801204507,1.801204507,1.801204507,1.801204507,1.801204507,1.801204507,Indonesia
3/21/2021,165.50246,391,189,599,165.50246,165.50246,-51.23151443,-51.23151443,-51.23151443,-51.23151443,-51.23151443,-51.23151443,1.670940557,1.670940557,1.670940557,1.670940557,1.670940557,1.670940557,Ireland
3/22/2021,164.0294031,339,143,535,164.0294031,164.0294031,-36.60318728,-36.60318728,-36.60318728,-36.60318728,-36.60318728,-36.60318728,1.292701753,1.292701753,1.292701753,1.292701753,1.292701753,1.292701753,Ireland
3/23/2021,162.5563461,468,280,677,162.5563461,162.5563461,65.15621648,65.15621648,65.15621648,65.15621648,65.15621648,65.15621648,1.478116413,1.478116413,1.478116413,1.478116413,1.478116413,1.478116413,Ireland
3/24/2021,161.0832891,506,297,700,161.0244342,164.5831826,17.66333618,17.66333618,17.66333618,17.66333618,17.66333618,17.66333618,2.032775818,2.032775818,2.032775818,2.032775818,2.032775818,2.032775818,Ireland
3/25/2021,159.6102321,507,303,724,155.5054767,168.1596938,-17.57867922,-17.57867922,-17.57867922,-17.57867922,-17.57867922,-17.57867922,2.287929225,2.287929225,2.287929225,2.287929225,2.287929225,2.287929225,Ireland
3/26/2021,158.1371751,445,234,660,146.7876347,171.6340837,-45.41917842,-45.41917842,-45.41917842,-45.41917842,-45.41917842,-45.41917842,2.103983379,2.103983379,2.103983379,2.103983379,2.103983379,2.103983379,Ireland
3/27/2021,156.6641182,465,246,692,139.9335349,178.8081263,-6.740328454,-6.740328454,-6.740328454,-6.740328454,-6.740328454,-6.740328454,2.009706317,2.009706317,2.009706317,2.009706317,2.009706317,2.009706317,Ireland
3/21/2021,431.24623,964,178,1730,431.24623,431.24623,0,0,0,0,0,0,1.235977148,1.235977148,1.235977148,1.235977148,1.235977148,1.235977148,Israel
3/22/2021,392.7931384,1106,363,1873,392.7931384,392.7931384,0,0,0,0,0,0,1.815789014,1.815789014,1.815789014,1.815789014,1.815789014,1.815789014,Israel
3/23/2021,354.3400469,1099,346,1839,354.3400469,354.3400469,0,0,0,0,0,0,2.101945951,2.101945951,2.101945951,2.101945951,2.101945951,2.101945951,Israel
3/24/2021,315.8869553,1062,260,1779,313.8893361,316.0367682,0,0,0,0,0,0,2.362815298,2.362815298,2.362815298,2.362815298,2.362815298,2.362815298,Israel
3/25/2021,277.4338638,835,38,1559,271.8353692,282.0864878,0,0,0,0,0,0,2.010688935,2.010688935,2.010688935,2.010688935,2.010688935,2.010688935,Israel
3/26/2021,238.9807722,551,-214,1300,225.9987534,254.0979259,0,0,0,0,0,0,1.305636959,1.305636959,1.305636959,1.305636959,1.305636959,1.305636959,Israel
3/27/2021,200.5276807,468,-325,1248,179.2138386,226.2301484,0,0,0,0,0,0,1.335869667,1.335869667,1.335869667,1.335869667,1.335869667,1.335869667,Israel
3/21/2021,6996.319651,22740,21279,24272,6996.319651,6996.319651,0,0,0,,,,2.250260421,2.250260421,2.250260421,2.250260421,2.250260421,2.250260421,Italy
3/22/2021,7050.672917,17373,15955,18934,7050.672917,7050.672917,0,0,0,,,,1.464060113,1.464060113,1.464060113,1.464060113,1.464060113,1.464060113,Italy
3/23/2021,7105.026184,21694,20240,23217,7105.026184,7105.026184,0,0,0,,,,2.053355407,2.053355407,2.053355407,2.053355407,2.053355407,2.053355407,Italy
3/24/2021,7159.37945,24180,22665,25645,7158.147707,7162.042412,0,0,0,,,,2.377440693,2.377440693,2.377440693,2.377440693,2.377440693,2.377440693,Italy
3/25/2021,7213.732716,27008,25455,28594,7175.717598,7246.74407,0,0,0,,,,2.743967834,2.743967834,2.743967834,2.743967834,2.743967834,2.743967834,Italy
3/26/2021,7268.085983,28215,26651,29964,7189.970611,7357.946428,0,0,0,,,,2.881986304,2.881986304,2.881986304,2.881986304,2.881986304,2.881986304,Italy
3/27/2021,7322.439249,26818,25062,28444,7200.575239,7467.439175,0,0,0,,,,2.662409432,2.662409432,2.662409432,2.662409432,2.662409432,2.662409432,Italy
3/21/2021,464.7407622,1260,1049,1462,464.7407622,464.7407622,0,0,0,0,0,0,1.71212592,1.71212592,1.71212592,1.71212592,1.71212592,1.71212592,Japan
3/22/2021,472.9207632,972,782,1165,472.9207632,472.9207632,0,0,0,0,0,0,1.056014802,1.056014802,1.056014802,1.056014802,1.056014802,1.056014802,Japan
3/23/2021,481.1007641,1319,1118,1514,481.1007641,481.1007641,0,0,0,0,0,0,1.742151438,1.742151438,1.742151438,1.742151438,1.742151438,1.742151438,Japan
3/24/2021,489.280765,1530,1330,1730,486.6385363,489.280765,-45.36332344,-45.36332344,-45.36332344,-45.36332344,-45.36332344,-45.36332344,2.219699609,2.219699609,2.219699609,2.219699609,2.219699609,2.219699609,Japan
3/25/2021,497.4607659,1715,1489,1936,490.1773407,498.8926578,-68.65489617,-68.65489617,-68.65489617,-68.65489617,-68.65489617,-68.65489617,2.585715445,2.585715445,2.585715445,2.585715445,2.585715445,2.585715445,Japan
3/26/2021,505.6407668,1526,1290,1746,490.2679031,511.0415167,-112.1670176,-112.1670176,-112.1670176,-112.1670176,-112.1670176,-112.1670176,2.240174578,2.240174578,2.240174578,2.240174578,2.240174578,2.240174578,Japan
3/27/2021,513.8207677,1541,1293,1768,491.5943612,526.709994,-106.3981364,-106.3981364,-106.3981364,-106.3981364,-106.3981364,-106.3981364,2.205200823,2.205200823,2.205200823,2.205200823,2.205200823,2.205200823,Japan
3/21/2021,386.0012523,1018,897,1148,386.0012523,386.0012523,0,0,0,0,0,0,1.638145871,1.638145871,1.638145871,1.638145871,1.638145871,1.638145871,Kenya
3/22/2021,400.9498609,705,583,833,400.9498609,400.9498609,0,0,0,0,0,0,0.758571612,0.758571612,0.758571612,0.758571612,0.758571612,0.758571612,Kenya
3/23/2021,415.8984696,1103,975,1226,415.8984696,415.9001319,0,0,0,0,0,0,1.653009856,1.653009856,1.653009856,1.653009856,1.653009856,1.653009856,Kenya
3/24/2021,430.8470783,1430,1302,1556,430.4466113,431.5801681,0,0,0,0,0,0,2.31882148,2.31882148,2.31882148,2.31882148,2.31882148,2.31882148,Kenya
3/25/2021,445.7956869,1562,1440,1697,444.4590142,447.9275282,0,0,0,0,0,0,2.504094941,2.504094941,2.504094941,2.504094941,2.504094941,2.504094941,Kenya
3/26/2021,460.7442956,1643,1507,1775,457.7002132,465.0325616,0,0,0,0,0,0,2.565791202,2.565791202,2.565791202,2.565791202,2.565791202,2.565791202,Kenya
3/27/2021,475.6929042,1607,1475,1744,470.9806087,482.362995,0,0,0,0,0,0,2.377800959,2.377800959,2.377800959,2.377800959,2.377800959,2.377800959,Kenya
3/21/2021,129.6765407,366,280,450,129.6765407,129.6765407,0,0,0,0,0,0,1.82373629,1.82373629,1.82373629,1.82373629,1.82373629,1.82373629,"Korea, Republic of"
3/22/2021,130.1970365,391,307,473,130.1970365,130.1970365,0,0,0,0,0,0,2.001945757,2.001945757,2.001945757,2.001945757,2.001945757,2.001945757,"Korea, Republic of"
3/23/2021,130.7175323,466,383,545,130.7175323,130.7175323,0,0,0,0,0,0,2.566829561,2.566829561,2.566829561,2.566829561,2.566829561,2.566829561,"Korea, Republic of"
3/24/2021,131.2380281,450,371,543,130.70227,131.2380281,0,0,0,0,0,0,2.426630482,2.426630482,2.426630482,2.426630482,2.426630482,2.426630482,"Korea, Republic of"
3/25/2021,131.758524,473,388,557,130.1371531,132.4964968,0,0,0,0,0,0,2.591068815,2.591068815,2.591068815,2.591068815,2.591068815,2.591068815,"Korea, Republic of"
3/26/2021,132.2790198,467,386,561,129.6587965,133.9017915,0,0,0,0,0,0,2.532465371,2.532465371,2.532465371,2.532465371,2.532465371,2.532465371,"Korea, Republic of"
3/27/2021,132.7995156,459,372,546,128.3104031,135.3423838,0,0,0,0,0,0,2.459760441,2.459760441,2.459760441,2.459760441,2.459760441,2.459760441,"Korea, Republic of"
3/21/2021,287.255276,340,261,418,287.255276,287.255276,0,0,0,0,0,0,0.183320887,0.183320887,0.183320887,0.183320887,0.183320887,0.183320887,Latvia
3/22/2021,283.4156386,180,98,266,283.4156386,283.4156386,0,0,0,0,0,0,-0.36536226,-0.36536226,-0.36536226,-0.36536226,-0.36536226,-0.36536226,Latvia
3/23/2021,279.5760011,476,394,556,279.5760011,279.5760011,0,0,0,0,0,0,0.702417763,0.702417763,0.702417763,0.702417763,0.702417763,0.702417763,Latvia
3/24/2021,275.7363636,653,573,740,275.7174073,275.8706925,0,0,0,0,0,0,1.368085094,1.368085094,1.368085094,1.368085094,1.368085094,1.368085094,Latvia
3/25/2021,271.8967262,565,483,647,271.5619404,272.4408744,0,0,0,0,0,0,1.076654036,1.076654036,1.076654036,1.076654036,1.076654036,1.076654036,Latvia
3/26/2021,268.0570887,514,432,593,267.4139769,268.9731009,0,0,0,0,0,0,0.919307367,0.919307367,0.919307367,0.919307367,0.919307367,0.919307367,Latvia
3/27/2021,264.2174512,512,430,595,263.1741675,265.6643983,0,0,0,0,0,0,0.937224051,0.937224051,0.937224051,0.937224051,0.937224051,0.937224051,Latvia
3/21/2021,191.1609507,453,267,634,191.1609507,191.1609507,-0.357471227,-0.357471227,-0.357471227,-0.357471227,-0.357471227,-0.357471227,1.370305959,1.370305959,1.370305959,1.370305959,1.370305959,1.370305959,Lithuania
3/22/2021,190.0155898,308,130,500,190.0155898,190.0155898,0,0,0,0,0,0,0.620333128,0.620333128,0.620333128,0.620333128,0.620333128,0.620333128,Lithuania
3/23/2021,188.870229,303,113,483,188.870229,188.870229,0,0,0,0,0,0,0.605712698,0.605712698,0.605712698,0.605712698,0.605712698,0.605712698,Lithuania
3/24/2021,187.7248682,563,386,754,187.7248682,188.0948836,0,0,0,0,0,0,1.997422484,1.997422484,1.997422484,1.997422484,1.997422484,1.997422484,Lithuania
3/25/2021,186.5795073,553,366,740,185.4897127,188.2444574,0,0,0,0,0,0,1.964881499,1.964881499,1.964881499,1.964881499,1.964881499,1.964881499,Lithuania
3/26/2021,185.4341465,522,337,711,183.2203005,188.9330525,0,0,0,0,0,0,1.817551132,1.817551132,1.817551132,1.817551132,1.817551132,1.817551132,Lithuania
3/27/2021,184.2887857,503,322,689,180.5148551,190.6177224,0,0,0,0,0,0,1.731451362,1.731451362,1.731451362,1.731451362,1.731451362,1.731451362,Lithuania
3/20/2021,115.8934091,232,108,347,115.8934091,115.8934091,0,0,0,0,0,0,1.004900558,1.004900558,1.004900558,1.004900558,1.004900558,1.004900558,Luxembourg
3/21/2021,116.6651937,243,123,364,116.6651937,116.6651937,0,0,0,0,0,0,1.081622542,1.081622542,1.081622542,1.081622542,1.081622542,1.081622542,Luxembourg
3/22/2021,117.4369783,467,340,589,117.4369783,117.4369783,0,0,0,0,0,0,2.977651716,2.977651716,2.977651716,2.977651716,2.977651716,2.977651716,Luxembourg
3/23/2021,118.208763,154,29,282,117.8998444,118.4808766,0,0,0,0,0,0,0.305492864,0.305492864,0.305492864,0.305492864,0.305492864,0.305492864,Luxembourg
3/24/2021,118.9805476,251,118,372,117.7197272,119.742684,0,0,0,0,0,0,1.110818063,1.110818063,1.110818063,1.110818063,1.110818063,1.110818063,Luxembourg
3/25/2021,119.7523322,313,193,437,117.38057,121.5373467,0,0,0,0,0,0,1.614537938,1.614537938,1.614537938,1.614537938,1.614537938,1.614537938,Luxembourg
3/26/2021,120.5241169,226,98,355,116.6492816,123.1942637,0,0,0,0,0,0,0.874154533,0.874154533,0.874154533,0.874154533,0.874154533,0.874154533,Luxembourg
3/21/2021,426.6993886,1049,767,1305,426.6993886,426.6993886,0,0,0,0,0,0,1.459110231,1.459110231,1.459110231,1.459110231,1.459110231,1.459110231,Malaysia
3/22/2021,406.5036597,919,632,1186,406.5036597,406.5036597,0,0,0,0,0,0,1.260623348,1.260623348,1.260623348,1.260623348,1.260623348,1.260623348,Malaysia
3/23/2021,386.3079308,899,626,1184,386.3079308,386.3079308,0,0,0,0,0,0,1.327070198,1.327070198,1.327070198,1.327070198,1.327070198,1.327070198,Malaysia
3/24/2021,366.1122019,899,632,1187,365.7693494,367.4563881,0,0,0,0,0,0,1.455843292,1.455843292,1.455843292,1.455843292,1.455843292,1.455843292,Malaysia
3/25/2021,345.916473,860,581,1129,344.0664208,350.267074,0,0,0,0,0,0,1.485944992,1.485944992,1.485944992,1.485944992,1.485944992,1.485944992,Malaysia
3/26/2021,325.7207441,847,556,1111,321.2995133,334.1270052,0,0,0,0,0,0,1.598922435,1.598922435,1.598922435,1.598922435,1.598922435,1.598922435,Malaysia
3/27/2021,305.5250152,864,589,1157,297.4362282,317.8860525,0,0,0,0,0,0,1.827399541,1.827399541,1.827399541,1.827399541,1.827399541,1.827399541,Malaysia
3/21/2021,1638.986483,2622,264,5060,1638.986483,1638.986483,0.961002982,0.961002982,0.961002982,0.961002982,0.961002982,0.961002982,0.599143329,0.599143329,0.599143329,0.599143329,0.599143329,0.599143329,Mexico
3/22/2021,1578.075217,2307,54,4703,1578.075217,1578.075217,-6.966012309,-6.966012309,-6.966012309,-6.966012309,-6.966012309,-6.966012309,0.466490781,0.466490781,0.466490781,0.466490781,0.466490781,0.466490781,Mexico
3/23/2021,1517.163951,3524,1110,5772,1517.163951,1517.163951,-35.11942497,-35.11942497,-35.11942497,-35.11942497,-35.11942497,-35.11942497,1.346226997,1.346226997,1.346226997,1.346226997,1.346226997,1.346226997,Mexico
3/24/2021,1456.252685,3682,1560,5949,1452.339899,1459.526208,-24.17575013,-24.17575013,-24.17575013,-24.17575013,-24.17575013,-24.17575013,1.544796364,1.544796364,1.544796364,1.544796364,1.544796364,1.544796364,Mexico
3/25/2021,1395.341419,3721,1323,6132,1379.568092,1405.26045,-45.97912263,-45.97912263,-45.97912263,-45.97912263,-45.97912263,-45.97912263,1.6993586,1.6993586,1.6993586,1.6993586,1.6993586,1.6993586,Mexico
3/26/2021,1334.430153,3717,1445,5864,1304.68189,1355.253473,-21.80337251,-21.80337251,-21.80337251,-21.80337251,-21.80337251,-21.80337251,1.801543504,1.801543504,1.801543504,1.801543504,1.801543504,1.801543504,Mexico
3/27/2021,1273.518887,3221,832,5531,1227.299183,1308.830279,-35.02553021,-35.02553021,-35.02553021,-35.02553021,-35.02553021,-35.02553021,1.556570235,1.556570235,1.556570235,1.556570235,1.556570235,1.556570235,Mexico
3/21/2021,575.3931031,933,812,1053,575.3931031,575.3931031,0,0,0,0,0,0,0.622139699,0.622139699,0.622139699,0.622139699,0.622139699,0.622139699,Moldova
3/22/2021,580.2622359,777,649,898,580.2622359,580.2622359,0,0,0,0,0,0,0.338332969,0.338332969,0.338332969,0.338332969,0.338332969,0.338332969,Moldova
3/23/2021,585.1313687,1580,1455,1704,585.1313687,585.1313687,0,0,0,0,0,0,1.70068056,1.70068056,1.70068056,1.70068056,1.70068056,1.70068056,Moldova
3/24/2021,590.0005015,2033,1908,2153,589.513378,590.0940774,0,0,0,0,0,0,2.445966942,2.445966942,2.445966942,2.445966942,2.445966942,2.445966942,Moldova
3/25/2021,594.8696343,2054,1922,2186,593.4519879,595.7679057,0,0,0,0,0,0,2.452925357,2.452925357,2.452925357,2.452925357,2.452925357,2.452925357,Moldova
3/26/2021,599.7387671,1858,1730,1994,597.0677294,601.7950041,0,0,0,0,0,0,2.098010041,2.098010041,2.098010041,2.098010041,2.098010041,2.098010041,Moldova
3/27/2021,604.6078999,1882,1746,2011,599.7576124,608.4938505,0,0,0,0,0,0,2.112794267,2.112794267,2.112794267,2.112794267,2.112794267,2.112794267,Moldova
3/21/2021,166.276523,363,95,633,166.276523,166.276523,0,0,0,0,0,0,1.183546933,1.183546933,1.183546933,1.183546933,1.183546933,1.183546933,Morocco
3/22/2021,166.6881302,239,-8,486,166.6881302,166.6881302,0,0,0,0,0,0,0.433058443,0.433058443,0.433058443,0.433058443,0.433058443,0.433058443,Morocco
3/23/2021,167.0997375,412,132,674,167.0997375,167.0997375,0,0,0,0,0,0,1.463257443,1.463257443,1.463257443,1.463257443,1.463257443,1.463257443,Morocco
3/24/2021,167.5113447,462,197,741,167.5113447,170.1293004,0,0,0,0,0,0,1.758741136,1.758741136,1.758741136,1.758741136,1.758741136,1.758741136,Morocco
3/25/2021,167.9229519,450,181,721,166.7989899,173.2327808,0,0,0,0,0,0,1.682531295,1.682531295,1.682531295,1.682531295,1.682531295,1.682531295,Morocco
3/26/2021,168.3345591,438,186,738,164.3848906,177.2383261,0,0,0,0,0,0,1.604646156,1.604646156,1.604646156,1.604646156,1.604646156,1.604646156,Morocco
3/27/2021,168.7461664,456,205,736,159.540488,181.9807435,0,0,0,0,0,0,1.701139799,1.701139799,1.701139799,1.701139799,1.701139799,1.701139799,Morocco
3/21/2021,1960.870969,6994,6406,7553,1960.870969,1960.870969,0,0,0,0,0,0,2.566861254,2.566861254,2.566861254,2.566861254,2.566861254,2.566861254,Netherlands
3/22/2021,1999.023987,6436,5875,6972,1999.023987,1999.023987,0,0,0,0,0,0,2.21948136,2.21948136,2.21948136,2.21948136,2.21948136,2.21948136,Netherlands
3/23/2021,2037.177005,6181,5612,6778,2037.177005,2037.177005,0,0,0,0,0,0,2.033943935,2.033943935,2.033943935,2.033943935,2.033943935,2.033943935,Netherlands
3/24/2021,2075.330023,7074,6464,7674,2068.870941,2078.488816,0,0,0,0,0,0,2.408808237,2.408808237,2.408808237,2.408808237,2.408808237,2.408808237,Netherlands
3/25/2021,2113.483041,7832,7179,8447,2085.572602,2125.745638,0,0,0,0,0,0,2.705763314,2.705763314,2.705763314,2.705763314,2.705763314,2.705763314,Netherlands
3/26/2021,2151.636059,8165,7511,8822,2101.467346,2180.043111,0,0,0,0,0,0,2.794795012,2.794795012,2.794795012,2.794795012,2.794795012,2.794795012,Netherlands
3/27/2021,2189.789077,7947,7245,8628,2114.584186,2233.902605,0,0,0,0,0,0,2.62931945,2.62931945,2.62931945,2.62931945,2.62931945,2.62931945,Netherlands
3/21/2021,1.362221492,4,-4,12,1.362221492,1.362221492,0,0,0,0,0,0,2.112889058,2.112889058,2.112889058,2.112889058,2.112889058,2.112889058,New Zealand
3/22/2021,1.357761015,4,-3,13,1.357761015,1.357761015,0,0,0,0,0,0,1.996451715,1.996451715,1.996451715,1.996451715,1.996451715,1.996451715,New Zealand
3/23/2021,1.353300537,4,-4,11,1.353287735,1.353300537,0,0,0,0,0,0,1.637360932,1.637360932,1.637360932,1.637360932,1.637360932,1.637360932,New Zealand
3/24/2021,1.34884006,3,-5,12,1.312795741,1.366573593,0,0,0,0,0,0,1.58848768,1.58848768,1.58848768,1.58848768,1.58848768,1.58848768,New Zealand
3/25/2021,1.344379583,4,-4,13,1.218354193,1.429973315,0,0,0,0,0,0,2.129953955,2.129953955,2.129953955,2.129953955,2.129953955,2.129953955,New Zealand
3/26/2021,1.339919106,4,-5,13,1.116691763,1.492747894,0,0,0,0,0,0,1.934825206,1.934825206,1.934825206,1.934825206,1.934825206,1.934825206,New Zealand
3/27/2021,1.335458629,4,-4,12,1.011703903,1.557221357,0,0,0,0,0,0,2.040441683,2.040441683,2.040441683,2.040441683,2.040441683,2.040441683,New Zealand
3/17/2021,10.15928052,16,-26,54,10.15928052,10.15928052,0,0,0,0,0,0,0.58069142,0.58069142,0.58069142,0.58069142,0.58069142,0.58069142,Nicaragua
3/18/2021,10.11440307,7,-33,45,10.11440307,10.11440307,0,0,0,0,0,0,-0.273953213,-0.273953213,-0.273953213,-0.273953213,-0.273953213,-0.273953213,Nicaragua
3/19/2021,10.06952562,6,-35,46,10.0685868,10.07038327,0,0,0,0,0,0,-0.378179417,-0.378179417,-0.378179417,-0.378179417,-0.378179417,-0.378179417,Nicaragua
3/20/2021,10.02464817,5,-35,44,9.939251809,10.11908014,0,0,0,0,0,0,-0.4997794,-0.4997794,-0.4997794,-0.4997794,-0.4997794,-0.4997794,Nicaragua
3/21/2021,9.979770719,7,-32,46,9.802038441,10.21881637,0,0,0,0,0,0,-0.299207953,-0.299207953,-0.299207953,-0.299207953,-0.299207953,-0.299207953,Nicaragua
3/22/2021,9.934893268,12,-26,53,9.6382263,10.33592469,0,0,0,0,0,0,0.246163684,0.246163684,0.246163684,0.246163684,0.246163684,0.246163684,Nicaragua
3/23/2021,9.890015818,41,0,84,9.390593586,10.45029497,0,0,0,0,0,0,3.136477168,3.136477168,3.136477168,3.136477168,3.136477168,3.136477168,Nicaragua
3/21/2021,14.19707871,23,-141,196,14.19707871,14.19707871,0,0,0,0,0,0,0.647099379,0.647099379,0.647099379,0.647099379,0.647099379,0.647099379,Nigeria
3/22/2021,3.815204237,7,-155,167,3.815204237,3.815204237,0,0,0,0,0,0,0.808622257,0.808622257,0.808622257,0.808622257,0.808622257,0.808622257,Nigeria
3/23/2021,-6.566670236,-15,-176,144,-6.566670236,-6.566670236,0,0,0,0,0,0,1.296469674,1.296469674,1.296469674,1.296469674,1.296469674,1.296469674,Nigeria
3/24/2021,-16.94854471,-41,-198,134,-16.99959299,-16.26744546,0,0,0,0,0,0,1.417426499,1.417426499,1.417426499,1.417426499,1.417426499,1.417426499,Nigeria
3/25/2021,-27.33041918,-65,-229,85,-28.01831183,-25.32669499,0,0,0,0,0,0,1.394495521,1.394495521,1.394495521,1.394495521,1.394495521,1.394495521,Nigeria
3/26/2021,-37.71229365,-94,-255,59,-39.28255764,-34.44605293,0,0,0,0,0,0,1.500394859,1.500394859,1.500394859,1.500394859,1.500394859,1.500394859,Nigeria
3/27/2021,-48.09416812,-131,-288,35,-50.9846658,-43.7880726,0,0,0,0,0,0,1.721074853,1.721074853,1.721074853,1.721074853,1.721074853,1.721074853,Nigeria
3/21/2021,368.0692683,705,618,794,368.0692683,368.0692683,0,0,0,0,0,0,0.914829351,0.914829351,0.914829351,0.914829351,0.914829351,0.914829351,Norway
3/22/2021,378.0971226,1108,1024,1199,378.0971226,378.0971226,0,0,0,0,0,0,1.931594601,1.931594601,1.931594601,1.931594601,1.931594601,1.931594601,Norway
3/23/2021,388.124977,1374,1278,1463,388.124977,388.124977,0,0,0,0,0,0,2.539666071,2.539666071,2.539666071,2.539666071,2.539666071,2.539666071,Norway
3/24/2021,398.1528313,1221,1141,1308,397.4174387,398.5695653,0,0,0,0,0,0,2.065891391,2.065891391,2.065891391,2.065891391,2.065891391,2.065891391,Norway
3/25/2021,408.1806856,1280,1185,1367,406.137919,409.4248925,0,0,0,0,0,0,2.137069205,2.137069205,2.137069205,2.137069205,2.137069205,2.137069205,Norway
3/26/2021,418.2085399,1251,1155,1340,414.8576175,421.2379576,0,0,0,0,0,0,1.990413153,1.990413153,1.990413153,1.990413153,1.990413153,1.990413153,Norway
3/27/2021,428.2363942,933,835,1019,423.1161634,433.1390724,0,0,0,0,0,0,1.179152415,1.179152415,1.179152415,1.179152415,1.179152415,1.179152415,Norway
3/21/2021,1256.539237,3670,3007,4326,1256.539237,1256.539237,45.8542632,45.8542632,45.8542632,45.8542632,45.8542632,45.8542632,1.883878534,1.883878534,1.883878534,1.883878534,1.883878534,1.883878534,Pakistan
3/22/2021,1294.830876,2775,2136,3435,1294.830876,1294.830876,0,0,0,0,0,0,1.14307375,1.14307375,1.14307375,1.14307375,1.14307375,1.14307375,Pakistan
3/23/2021,1333.122515,3217,2590,3918,1333.122515,1333.299161,0,0,0,0,0,0,1.41276096,1.41276096,1.41276096,1.41276096,1.41276096,1.41276096,Pakistan
3/24/2021,1371.414155,3566,2891,4224,1370.572776,1375.918113,0,0,0,0,0,0,1.599873131,1.599873131,1.599873131,1.599873131,1.599873131,1.599873131,Pakistan
3/25/2021,1409.705794,3591,2921,4264,1403.838688,1419.173415,0,0,0,0,0,0,1.547230478,1.547230478,1.547230478,1.547230478,1.547230478,1.547230478,Pakistan
3/26/2021,1447.997433,3802,3140,4461,1435.641344,1464.656341,0,0,0,0,0,0,1.625894776,1.625894776,1.625894776,1.625894776,1.625894776,1.625894776,Pakistan
3/27/2021,1486.289073,3922,3184,4616,1463.04913,1513.375872,49.40729558,49.40729558,49.40729558,49.40729558,49.40729558,49.40729558,1.605658464,1.605658464,1.605658464,1.605658464,1.605658464,1.605658464,Pakistan
3/21/2021,965.9258956,1593,1454,1730,965.9258956,965.9258956,0,0,0,0,0,0,0.64922681,0.64922681,0.64922681,0.64922681,0.64922681,0.64922681,Paraguay
3/22/2021,988.0793306,1896,1747,2037,988.0793306,988.0793306,0,0,0,0,0,0,0.919233295,0.919233295,0.919233295,0.919233295,0.919233295,0.919233295,Paraguay
3/23/2021,1010.232766,2331,2197,2489,1010.232766,1010.232766,0,0,0,0,0,0,1.30692869,1.30692869,1.30692869,1.30692869,1.30692869,1.30692869,Paraguay
3/24/2021,1032.386201,2583,2446,2719,1032.15416,1032.53054,0,0,0,0,0,0,1.50187773,1.50187773,1.50187773,1.50187773,1.50187773,1.50187773,Paraguay
3/25/2021,1054.539636,2657,2511,2798,1053.419359,1055.391095,0,0,0,0,0,0,1.519344807,1.519344807,1.519344807,1.519344807,1.519344807,1.519344807,Paraguay
3/26/2021,1076.693071,2589,2447,2719,1074.467427,1078.560635,0,0,0,0,0,0,1.404480825,1.404480825,1.404480825,1.404480825,1.404480825,1.404480825,Paraguay
3/27/2021,1098.846506,2272,2119,2424,1095.30184,1101.75359,0,0,0,0,0,0,1.067986812,1.067986812,1.067986812,1.067986812,1.067986812,1.067986812,Paraguay
3/20/2021,4235.014605,8919,6374,11474,4235.014605,4235.014605,0,0,0,0,0,0,1.105908123,1.105908123,1.105908123,1.105908123,1.105908123,1.105908123,Peru
3/21/2021,4239.647768,10107,7503,12607,4239.647768,4239.647768,0,0,0,0,0,0,1.383914406,1.383914406,1.383914406,1.383914406,1.383914406,1.383914406,Peru
3/22/2021,4244.280931,7471,5073,9961,4244.280426,4244.280931,0,0,0,0,0,0,0.760321041,0.760321041,0.760321041,0.760321041,0.760321041,0.760321041,Peru
3/23/2021,4248.914095,7199,4859,9809,4245.206229,4250.731399,0,0,0,0,0,0,0.694298929,0.694298929,0.694298929,0.694298929,0.694298929,0.694298929,Peru
3/24/2021,4253.547258,9038,6531,11528,4243.50845,4261.084211,0,0,0,0,0,0,1.124875709,1.124875709,1.124875709,1.124875709,1.124875709,1.124875709,Peru
3/25/2021,4258.180421,8022,5479,10565,4239.653195,4273.894166,0,0,0,0,0,0,0.883857378,0.883857378,0.883857378,0.883857378,0.883857378,0.883857378,Peru
3/26/2021,4262.813585,10242,7774,12836,4232.76471,4285.42826,0,0,0,0,0,0,1.402718947,1.402718947,1.402718947,1.402718947,1.402718947,1.402718947,Peru
3/21/2021,2452.697069,6320,5713,6920,2452.697069,2452.697069,0,0,0,0,0,0,1.576905783,1.576905783,1.576905783,1.576905783,1.576905783,1.576905783,Philippines
3/22/2021,2541.124938,6693,6048,7283,2541.124938,2541.124938,0,0,0,0,0,0,1.633955843,1.633955843,1.633955843,1.633955843,1.633955843,1.633955843,Philippines
3/23/2021,2629.552807,5871,5325,6479,2629.552807,2629.552807,0,0,0,0,0,0,1.232757969,1.232757969,1.232757969,1.232757969,1.232757969,1.232757969,Philippines
3/24/2021,2717.980676,6393,5811,6977,2716.439805,2717.980676,0,0,0,0,0,0,1.352145165,1.352145165,1.352145165,1.352145165,1.352145165,1.352145165,Philippines
3/25/2021,2806.408545,6826,6224,7426,2801.932949,2808.275937,0,0,0,0,0,0,1.432314284,1.432314284,1.432314284,1.432314284,1.432314284,1.432314284,Philippines
3/26/2021,2894.836414,8277,7652,8862,2886.920479,2902.034134,0,0,0,0,0,0,1.859296331,1.859296331,1.859296331,1.859296331,1.859296331,1.859296331,Philippines
3/27/2021,2983.264282,8668,8092,9259,2969.637832,2996.913189,0,0,0,0,0,0,1.905442672,1.905442672,1.905442672,1.905442672,1.905442672,1.905442672,Philippines
3/21/2021,8155.555186,20565,19037,22098,8155.555186,8155.555186,0,0,0,0,0,0,1.521605918,1.521605918,1.521605918,1.521605918,1.521605918,1.521605918,Poland
3/22/2021,8385.040839,14295,12785,15867,8385.040839,8385.040839,0,0,0,0,0,0,0.704825593,0.704825593,0.704825593,0.704825593,0.704825593,0.704825593,Poland
3/23/2021,8614.526491,22732,21230,24257,8614.526491,8615.240058,0,0,0,0,0,0,1.638786006,1.638786006,1.638786006,1.638786006,1.638786006,1.638786006,Poland
3/24/2021,8844.012144,28631,27085,30130,8836.787792,8856.52517,0,0,0,0,0,0,2.237331487,2.237331487,2.237331487,2.237331487,2.237331487,2.237331487,Poland
3/25/2021,9073.497796,30751,29160,32365,9050.80974,9109.609744,0,0,0,0,0,0,2.389081106,2.389081106,2.389081106,2.389081106,2.389081106,2.389081106,Poland
3/26/2021,9302.983449,30471,28920,32150,9244.470786,9360.259543,0,0,0,0,0,0,2.275396744,2.275396744,2.275396744,2.275396744,2.275396744,2.275396744,Poland
3/27/2021,9532.469101,30677,29136,32311,9441.546503,9618.654251,0,0,0,0,0,0,2.218115356,2.218115356,2.218115356,2.218115356,2.218115356,2.218115356,Poland
3/21/2021,126.5712855,362,-453,1180,126.5712855,126.5712855,0,0,0,0,0,0,1.861989209,1.861989209,1.861989209,1.861989209,1.861989209,1.861989209,Portugal
3/22/2021,120.1120537,249,-668,1089,120.1120537,120.1120537,0,0,0,0,0,0,1.075432607,1.075432607,1.075432607,1.075432607,1.075432607,1.075432607,Portugal
3/23/2021,113.652822,282,-545,1130,113.652822,113.652822,0,0,0,0,0,0,1.48425666,1.48425666,1.48425666,1.48425666,1.48425666,1.48425666,Portugal
3/24/2021,107.1935902,400,-439,1192,100.4212855,110.4325077,0,0,0,0,0,0,2.728925755,2.728925755,2.728925755,2.728925755,2.728925755,2.728925755,Portugal
3/25/2021,100.7343585,376,-523,1225,80.6419081,115.6516319,0,0,0,0,0,0,2.730670458,2.730670458,2.730670458,2.730670458,2.730670458,2.730670458,Portugal
3/26/2021,94.27512674,341,-569,1270,49.39869896,123.0810068,0,0,0,0,0,0,2.61197507,2.61197507,2.61197507,2.61197507,2.61197507,2.61197507,Portugal
3/27/2021,87.81589499,311,-603,1221,9.789317248,143.7688578,0,0,0,0,0,0,2.544511769,2.544511769,2.544511769,2.544511769,2.544511769,2.544511769,Portugal
3/21/2021,1965.443886,4521,4034,5008,1965.443886,1965.443886,0,0,0,0,0,0,1.300106442,1.300106442,1.300106442,1.300106442,1.300106442,1.300106442,Romania
3/22/2021,2001.392021,3188,2734,3673,2001.392021,2001.392021,0,0,0,0,0,0,0.593011172,0.593011172,0.593011172,0.593011172,0.593011172,0.593011172,Romania
3/23/2021,2037.340157,5673,5223,6190,2037.340157,2037.340157,0,0,0,0,0,0,1.78459074,1.78459074,1.78459074,1.78459074,1.78459074,1.78459074,Romania
3/24/2021,2073.288293,6743,6286,7250,2072.675965,2075.132624,0,0,0,0,0,0,2.252513673,2.252513673,2.252513673,2.252513673,2.252513673,2.252513673,Romania
3/25/2021,2109.236428,7105,6619,7616,2104.648232,2116.408803,0,0,0,0,0,0,2.368444212,2.368444212,2.368444212,2.368444212,2.368444212,2.368444212,Romania
3/26/2021,2145.184564,6885,6388,7356,2135.256588,2160.111513,0,0,0,0,0,0,2.20966469,2.20966469,2.20966469,2.20966469,2.20966469,2.20966469,Romania
3/27/2021,2181.132699,6756,6248,7297,2162.317882,2205.243818,0,0,0,0,0,0,2.097278051,2.097278051,2.097278051,2.097278051,2.097278051,2.097278051,Romania
3/21/2021,3333.828531,9261,8774,9748,3333.828531,3333.828531,0,0,0,0,0,0,1.778029242,1.778029242,1.778029242,1.778029242,1.778029242,1.778029242,Russian Federation
3/22/2021,3310.680479,9074,8589,9577,3310.680479,3310.680479,0,0,0,0,0,0,1.74092485,1.74092485,1.74092485,1.74092485,1.74092485,1.74092485,Russian Federation
3/23/2021,3287.532426,8778,8262,9279,3287.532426,3287.532426,0,0,0,0,0,0,1.669946131,1.669946131,1.669946131,1.669946131,1.669946131,1.669946131,Russian Federation
3/24/2021,3264.384373,8484,7943,9040,3262.185927,3267.279987,0,0,0,0,0,0,1.599007118,1.599007118,1.599007118,1.599007118,1.599007118,1.599007118,Russian Federation
3/25/2021,3241.23632,8891,8324,9430,3220.90749,3264.039036,0,0,0,0,0,0,1.743176847,1.743176847,1.743176847,1.743176847,1.743176847,1.743176847,Russian Federation
3/26/2021,3218.088268,8971,8439,9509,3183.431028,3259.240939,0,0,0,0,0,0,1.787732581,1.787732581,1.787732581,1.787732581,1.787732581,1.787732581,Russian Federation
3/27/2021,3194.940215,8908,8336,9471,3133.11531,3249.704836,0,0,0,0,0,0,1.788057896,1.788057896,1.788057896,1.788057896,1.788057896,1.788057896,Russian Federation
3/21/2021,1647.033162,4412,4193,4639,1647.033162,1647.033162,0,0,0,0,0,0,1.678670546,1.678670546,1.678670546,1.678670546,1.678670546,1.678670546,Serbia
3/22/2021,1674.534111,4742,4510,4963,1674.534111,1674.534111,0,0,0,0,0,0,1.831807102,1.831807102,1.831807102,1.831807102,1.831807102,1.831807102,Serbia
3/23/2021,1702.035061,5924,5693,6154,1702.035061,1702.035061,0,0,0,0,0,0,2.480558107,2.480558107,2.480558107,2.480558107,2.480558107,2.480558107,Serbia
3/24/2021,1729.53601,6188,5957,6420,1729.189393,1730.087757,0,0,0,0,0,0,2.577579411,2.577579411,2.577579411,2.577579411,2.577579411,2.577579411,Serbia
3/25/2021,1757.03696,6071,5819,6302,1752.146664,1763.045321,0,0,0,0,0,0,2.455446615,2.455446615,2.455446615,2.455446615,2.455446615,2.455446615,Serbia
3/26/2021,1784.537909,5997,5723,6245,1770.967929,1798.733037,0,0,0,0,0,0,2.360457879,2.360457879,2.360457879,2.360457879,2.360457879,2.360457879,Serbia
3/27/2021,1812.038858,5419,5150,5677,1789.057156,1835.786402,0,0,0,0,0,0,1.990461796,1.990461796,1.990461796,1.990461796,1.990461796,1.990461796,Serbia
3/21/2021,3.058073818,10,-57,74,3.058073818,3.058073818,0,0,0,0,0,0,2.132861989,2.132861989,2.132861989,2.132861989,2.132861989,2.132861989,Singapore
3/22/2021,2.958671409,8,-63,82,2.958671409,2.958671409,0,0,0,0,0,0,1.661730898,1.661730898,1.661730898,1.661730898,1.661730898,1.661730898,Singapore
3/23/2021,2.859269001,8,-62,80,2.859269001,2.902909347,0,0,0,0,0,0,1.849738813,1.849738813,1.849738813,1.849738813,1.849738813,1.849738813,Singapore
3/24/2021,2.759866592,9,-67,81,2.532654417,3.378111131,0,0,0,0,0,0,2.27303224,2.27303224,2.27303224,2.27303224,2.27303224,2.27303224,Singapore
3/25/2021,2.660464183,8,-62,87,1.749337442,4.597321996,0,0,0,0,0,0,2.006284894,2.006284894,2.006284894,2.006284894,2.006284894,2.006284894,Singapore
3/26/2021,2.561061774,9,-68,88,0.876390981,5.90793298,0,0,0,0,0,0,2.361828111,2.361828111,2.361828111,2.361828111,2.361828111,2.361828111,Singapore
3/27/2021,2.461659366,6,-70,88,-0.347763277,7.255482756,0,0,0,0,0,0,1.630528475,1.630528475,1.630528475,1.630528475,1.630528475,1.630528475,Singapore
3/21/2021,677.5966543,1324,962,1636,677.5966543,677.5966543,0,0,0,0,0,0,0.953591605,0.953591605,0.953591605,0.953591605,0.953591605,0.953591605,Slovakia
3/22/2021,663.4506334,619,281,948,663.4506334,663.4506334,0,0,0,0,0,0,-0.066703281,-0.066703281,-0.066703281,-0.066703281,-0.066703281,-0.066703281,Slovakia
3/23/2021,649.3046125,1325,983,1646,648.9324509,649.3046125,0,0,0,0,0,0,1.040764054,1.040764054,1.040764054,1.040764054,1.040764054,1.040764054,Slovakia
3/24/2021,635.1585916,2224,1871,2556,632.751999,635.5154875,0,0,0,0,0,0,2.501120898,2.501120898,2.501120898,2.501120898,2.501120898,2.501120898,Slovakia
3/25/2021,621.0125707,1809,1462,2150,615.6253922,623.8446079,0,0,0,0,0,0,1.913082735,1.913082735,1.913082735,1.913082735,1.913082735,1.913082735,Slovakia
3/26/2021,606.8665498,1889,1571,2236,596.3919387,615.7135535,0,0,0,0,0,0,2.112634848,2.112634848,2.112634848,2.112634848,2.112634848,2.112634848,Slovakia
3/27/2021,592.7205289,1673,1336,2000,576.5593125,607.0398439,0,0,0,0,0,0,1.823219168,1.823219168,1.823219168,1.823219168,1.823219168,1.823219168,Slovakia
3/21/2021,307.2995316,496,339,663,307.2995316,307.2995316,0,0,0,0,0,0,0.614258108,0.614258108,0.614258108,0.614258108,0.614258108,0.614258108,Slovenia
3/22/2021,307.0711298,266,109,425,307.0711298,307.0711298,0,0,0,0,0,0,-0.134469523,-0.134469523,-0.134469523,-0.134469523,-0.134469523,-0.134469523,Slovenia
3/23/2021,306.842728,745,586,906,306.842728,306.842728,0,0,0,0,0,0,1.427866732,1.427866732,1.427866732,1.427866732,1.427866732,1.427866732,Slovenia
3/24/2021,306.6143262,1108,953,1268,306.59749,307.3508381,0,0,0,0,0,0,2.614829752,2.614829752,2.614829752,2.614829752,2.614829752,2.614829752,Slovenia
3/25/2021,306.3859245,968,800,1130,305.3287704,308.2451285,0,0,0,0,0,0,2.157795221,2.157795221,2.157795221,2.157795221,2.157795221,2.157795221,Slovenia
3/26/2021,306.1575227,845,674,1001,304.0384782,309.6262734,0,0,0,0,0,0,1.75940655,1.75940655,1.75940655,1.75940655,1.75940655,1.75940655,Slovenia
3/27/2021,305.9291209,817,654,995,301.6416299,311.7561046,0,0,0,0,0,0,1.671485215,1.671485215,1.671485215,1.671485215,1.671485215,1.671485215,Slovenia
3/21/2021,376.876603,1157,337,1919,376.876603,376.876603,0,0,0,0,0,0,2.071262137,2.071262137,2.071262137,2.071262137,2.071262137,2.071262137,South Africa
3/22/2021,378.2869098,876,130,1649,378.2869098,378.2869098,0,0,0,0,0,0,1.31596115,1.31596115,1.31596115,1.31596115,1.31596115,1.31596115,South Africa
3/23/2021,379.6972165,972,215,1750,379.6972165,379.6972165,0,0,0,0,0,0,1.560025765,1.560025765,1.560025765,1.560025765,1.560025765,1.560025765,South Africa
3/24/2021,381.1075233,1331,509,2150,368.6009179,388.9011491,0,0,0,0,0,0,2.493435544,2.493435544,2.493435544,2.493435544,2.493435544,2.493435544,South Africa
3/25/2021,382.51783,1518,649,2440,341.1678085,411.3895233,108.6294992,108.6294992,108.6294992,108.6294992,108.6294992,108.6294992,2.685371475,2.685371475,2.685371475,2.685371475,2.685371475,2.685371475,South Africa
3/26/2021,383.9281368,1532,654,2401,309.8003707,441.5334743,164.8793912,164.8793912,164.8793912,164.8793912,164.8793912,164.8793912,2.561232178,2.561232178,2.561232178,2.561232178,2.561232178,2.561232178,South Africa
3/27/2021,385.3384435,1578,560,2502,268.6618926,472.082773,187.6083319,187.6083319,187.6083319,187.6083319,187.6083319,187.6083319,2.607509598,2.607509598,2.607509598,2.607509598,2.607509598,2.607509598,South Africa
3/19/2021,2009.228804,5144,2987,7392,2009.228804,2009.228804,0,0,0,0,0,0,1.560118495,1.560118495,1.560118495,1.560118495,1.560118495,1.560118495,Spain
3/20/2021,1977.960823,5330,3053,7747,1977.960823,1977.960823,0,0,0,0,0,0,1.694691208,1.694691208,1.694691208,1.694691208,1.694691208,1.694691208,Spain
3/21/2021,1946.692841,5119,3009,7376,1946.692841,1946.692841,0,0,0,0,0,0,1.629675753,1.629675753,1.629675753,1.629675753,1.629675753,1.629675753,Spain
3/22/2021,1915.42486,10570,8022,12968,1906.301941,1926.490841,0,0,0,0,0,0,4.518461397,4.518461397,4.518461397,4.518461397,4.518461397,4.518461397,Spain
3/23/2021,1884.156879,3981,1550,6133,1812.703235,1974.921678,0,0,0,0,0,0,1.113051082,1.113051082,1.113051082,1.113051082,1.113051082,1.113051082,Spain
3/24/2021,1852.888897,4620,2357,7031,1698.542345,2042.366186,0,0,0,0,0,0,1.493651601,1.493651601,1.493651601,1.493651601,1.493651601,1.493651601,Spain
3/25/2021,1821.620916,4552,2114,7022,1567.906191,2107.414132,0,0,0,0,0,0,1.498766938,1.498766938,1.498766938,1.498766938,1.498766938,1.498766938,Spain
3/20/2021,3252.906035,4374,3803,4917,3252.906035,3252.906035,0,0,0,0,0,0,0.344715006,0.344715006,0.344715006,0.344715006,0.344715006,0.344715006,Sweden
3/21/2021,3279.945374,3220,2695,3764,3279.945374,3279.945374,0,0,0,0,0,0,-0.018254881,-0.018254881,-0.018254881,-0.018254881,-0.018254881,-0.018254881,Sweden
3/22/2021,3306.984714,5497,4989,6003,3306.984714,3306.984714,0,0,0,0,0,0,0.662143374,0.662143374,0.662143374,0.662143374,0.662143374,0.662143374,Sweden
3/23/2021,3334.024054,14278,13720,14853,3334.024054,3336.260781,0,0,0,0,0,0,3.282473565,3.282473565,3.282473565,3.282473565,3.282473565,3.282473565,Sweden
3/24/2021,3361.063393,5433,4879,5973,3354.867226,3369.595611,0,0,0,0,0,0,0.616356853,0.616356853,0.616356853,0.616356853,0.616356853,0.616356853,Sweden
3/25/2021,3388.102733,5866,5298,6412,3373.583773,3405.097484,0,0,0,0,0,0,0.731370569,0.731370569,0.731370569,0.731370569,0.731370569,0.731370569,Sweden
3/26/2021,3415.142072,5929,5347,6480,3389.311211,3441.596163,0,0,0,0,0,0,0.735976337,0.735976337,0.735976337,0.735976337,0.735976337,0.735976337,Sweden
3/20/2021,690.4374893,1394,646,2117,690.4374893,690.4374893,0,0,0,0,0,0,1.018943307,1.018943307,1.018943307,1.018943307,1.018943307,1.018943307,Switzerland
3/21/2021,701.2297758,1276,561,1964,701.2297758,701.2297758,0,0,0,0,0,0,0.820262959,0.820262959,0.820262959,0.820262959,0.820262959,0.820262959,Switzerland
3/22/2021,712.0220623,3587,2843,4367,712.0220623,712.0220623,0,0,0,0,0,0,4.037161303,4.037161303,4.037161303,4.037161303,4.037161303,4.037161303,Switzerland
3/23/2021,722.8143489,1321,591,2102,721.5008041,725.2241966,0,0,0,0,0,0,0.828151558,0.828151558,0.828151558,0.828151558,0.828151558,0.828151558,Switzerland
3/24/2021,733.6066354,1867,1134,2617,718.8151042,747.806072,0,0,0,0,0,0,1.544585051,1.544585051,1.544585051,1.544585051,1.544585051,1.544585051,Switzerland
3/25/2021,744.3989219,1790,1037,2581,713.0539226,775.4123505,0,0,0,0,0,0,1.404263421,1.404263421,1.404263421,1.404263421,1.404263421,1.404263421,Switzerland
3/26/2021,755.1912084,1794,1038,2632,708.3059518,810.3318903,0,0,0,0,0,0,1.375386122,1.375386122,1.375386122,1.375386122,1.375386122,1.375386122,Switzerland
3/20/2021,36.24599069,72,-37,195,36.24599069,36.24599069,0,0,0,0,0,0,0.98502953,0.98502953,0.98502953,0.98502953,0.98502953,0.98502953,Thailand
3/21/2021,37.33460048,79,-40,198,37.33460048,37.33460048,0,0,0,0,0,0,1.126860428,1.126860428,1.126860428,1.126860428,1.126860428,1.126860428,Thailand
3/22/2021,38.42321027,122,-1,241,38.42321027,38.42321027,0,0,0,0,0,0,2.170232721,2.170232721,2.170232721,2.170232721,2.170232721,2.170232721,Thailand
3/23/2021,39.51182007,74,-41,195,39.51182007,39.78738612,0,0,0,0,0,0,0.870609826,0.870609826,0.870609826,0.870609826,0.870609826,0.870609826,Thailand
3/24/2021,40.60042986,87,-35,208,40.10423063,41.77284677,0,0,0,0,0,0,1.131343464,1.131343464,1.131343464,1.131343464,1.131343464,1.131343464,Thailand
3/25/2021,41.68903965,116,-5,241,40.4122814,43.78054056,0,0,0,0,0,0,1.785741859,1.785741859,1.785741859,1.785741859,1.785741859,1.785741859,Thailand
3/26/2021,42.77764944,167,42,278,40.47713417,46.12725809,0,0,0,0,0,0,2.904117419,2.904117419,2.904117419,2.904117419,2.904117419,2.904117419,Thailand
3/21/2021,5225.185526,3110,-36426,44270,5225.185526,5225.185526,0,0,0,0,0,0,-0.404737775,-0.404737775,-0.404737775,-0.404737775,-0.404737775,-0.404737775,Turkey
3/22/2021,5306.561626,3419,-37790,43043,5306.561626,5306.561626,0,0,0,0,0,0,-0.355764705,-0.355764705,-0.355764705,-0.355764705,-0.355764705,-0.355764705,Turkey
3/23/2021,5387.937725,3984,-38178,49036,5377.901541,5415.353285,0,0,0,0,0,0,-0.260550409,-0.260550409,-0.260550409,-0.260550409,-0.260550409,-0.260550409,Turkey
3/24/2021,5469.313824,4490,-37235,43535,5202.630178,5643.055916,0,0,0,0,0,0,-0.1791228,-0.1791228,-0.1791228,-0.1791228,-0.1791228,-0.1791228,Turkey
3/25/2021,5550.689923,29999,-9783,72153,5001.49074,6011.443492,0,0,0,0,0,0,4.404515962,4.404515962,4.404515962,4.404515962,4.404515962,4.404515962,Turkey
3/26/2021,5632.066023,5020,-37652,46734,4813.418956,6353.748416,0,0,0,0,0,0,-0.108593771,-0.108593771,-0.108593771,-0.108593771,-0.108593771,-0.108593771,Turkey
3/27/2021,5713.442122,4109,-38565,44474,4377.584801,6892.024813,0,0,0,0,0,0,-0.280865524,-0.280865524,-0.280865524,-0.280865524,-0.280865524,-0.280865524,Turkey
3/21/2021,4914.377224,11625,10935,12305,4914.377224,4914.377224,0,0,0,0,0,0,1.365549623,1.365549623,1.365549623,1.365549623,1.365549623,1.365549623,Ukraine
3/22/2021,5041.895948,9713,9027,10454,5041.895948,5041.895948,0,0,0,0,0,0,0.926414266,0.926414266,0.926414266,0.926414266,0.926414266,0.926414266,Ukraine
3/23/2021,5169.414671,11867,11213,12575,5169.414671,5169.414671,0,0,0,0,0,0,1.295535532,1.295535532,1.295535532,1.295535532,1.295535532,1.295535532,Ukraine
3/24/2021,5296.933394,13924,13212,14631,5295.051053,5301.750808,0,0,0,0,0,0,1.62863389,1.62863389,1.62863389,1.62863389,1.62863389,1.62863389,Ukraine
3/25/2021,5424.452118,15934,15235,16667,5409.277271,5439.970581,0,0,0,0,0,0,1.937480605,1.937480605,1.937480605,1.937480605,1.937480605,1.937480605,Ukraine
3/26/2021,5551.970841,17161,16497,17882,5523.741478,5579.074302,0,0,0,0,0,0,2.090967961,2.090967961,2.090967961,2.090967961,2.090967961,2.090967961,Ukraine
3/27/2021,5679.489565,16985,16225,17775,5633.005798,5721.810426,0,0,0,0,0,0,1.990658128,1.990658128,1.990658128,1.990658128,1.990658128,1.990658128,Ukraine
3/21/2021,1575.641904,4103,1969,6174,1575.641904,1575.641904,-567.9542188,-567.9542188,-567.9542188,-567.9542188,-567.9542188,-567.9542188,1.964360787,1.964360787,1.964360787,1.964360787,1.964360787,1.964360787,United Kingdom
3/22/2021,1548.722119,3934,1838,6031,1548.722119,1548.722119,-514.2386405,-514.2386405,-514.2386405,-514.2386405,-514.2386405,-514.2386405,1.872127843,1.872127843,1.872127843,1.872127843,1.872127843,1.872127843,United Kingdom
3/23/2021,1521.802334,4532,2444,6521,1521.802334,1521.802334,177.8932515,177.8932515,177.8932515,177.8932515,177.8932515,177.8932515,1.861120902,1.861120902,1.861120902,1.861120902,1.861120902,1.861120902,United Kingdom
3/24/2021,1494.882549,4956,2801,6973,1493.726913,1502.80335,64.69931436,64.69931436,64.69931436,64.69931436,64.69931436,64.69931436,2.271889353,2.271889353,2.271889353,2.271889353,2.271889353,2.271889353,United Kingdom
3/25/2021,1467.962764,4971,2860,7174,1445.982217,1517.04583,-98.54615077,-98.54615077,-98.54615077,-98.54615077,-98.54615077,-98.54615077,2.453636389,2.453636389,2.453636389,2.453636389,2.453636389,2.453636389,United Kingdom
3/26/2021,1441.042979,4761,2427,6995,1355.040086,1542.41518,-68.16500126,-68.16500126,-68.16500126,-68.16500126,-68.16500126,-68.16500126,2.351091828,2.351091828,2.351091828,2.351091828,2.351091828,2.351091828,United Kingdom
3/27/2021,1414.123194,4307,2028,6512,1251.415431,1572.206847,-62.1067731,-62.1067731,-62.1067731,-62.1067731,-62.1067731,-62.1067731,2.089576687,2.089576687,2.089576687,2.089576687,2.089576687,2.089576687,United Kingdom
3/21/2021,18173.74348,43990,32228,56264,18173.74348,18173.74348,0,0,0,0,0,0,1.420526674,1.420526674,1.420526674,1.420526674,1.420526674,1.420526674,United States
3/22/2021,17988.2427,46063,33879,57535,17988.2427,17988.2427,0,0,0,0,0,0,1.560705476,1.560705476,1.560705476,1.560705476,1.560705476,1.560705476,United States
3/23/2021,17802.74192,50836,38408,62709,17802.74192,17802.74192,0,0,0,0,0,0,1.855540974,1.855540974,1.855540974,1.855540974,1.855540974,1.855540974,United States
3/24/2021,17617.24113,53262,41025,65216,17617.24113,17666.23746,0,0,0,0,0,0,2.02329305,2.02329305,2.02329305,2.02329305,2.02329305,2.02329305,United States
3/25/2021,17431.74035,52024,39679,64864,17388.49011,17607.48834,0,0,0,0,0,0,1.984435412,1.984435412,1.984435412,1.984435412,1.984435412,1.984435412,United States
3/26/2021,17246.23957,52899,40496,67133,17034.48912,17639.48374,0,0,0,0,0,0,2.067257758,2.067257758,2.067257758,2.067257758,2.067257758,2.067257758,United States
3/27/2021,17060.73878,48370,36385,61965,16716.25338,17694.32852,0,0,0,0,0,0,1.835153673,1.835153673,1.835153673,1.835153673,1.835153673,1.835153673,United States
3/21/2021,-0.333926358,-1,-14,12,-0.333926358,-0.333926358,0,0,0,0,0,0,1.140977823,1.140977823,1.140977823,1.140977823,1.140977823,1.140977823,Vietnam
3/22/2021,-0.69830498,-1,-14,13,-0.69830498,-0.69830498,0,0,0,0,0,0,0.983930122,0.983930122,0.983930122,0.983930122,0.983930122,0.983930122,Vietnam
3/23/2021,-1.062683602,-2,-16,12,-1.062683602,-1.062683602,0,0,0,0,0,0,0.588131261,0.588131261,0.588131261,0.588131261,0.588131261,0.588131261,Vietnam
3/24/2021,-1.427062224,-3,-15,11,-1.427975157,-1.416806589,0,0,0,0,0,0,0.882362912,0.882362912,0.882362912,0.882362912,0.882362912,0.882362912,Vietnam
3/25/2021,-1.791440846,-5,-17,9,-1.819415253,-1.751976285,0,0,0,0,0,0,1.690394016,1.690394016,1.690394016,1.690394016,1.690394016,1.690394016,Vietnam
3/26/2021,-2.155819468,-3,-17,11,-2.212902286,-2.073984316,0,0,0,0,0,0,0.252978518,0.252978518,0.252978518,0.252978518,0.252978518,0.252978518,Vietnam
3/27/2021,-2.520198089,-6,-19,7,-2.616409149,-2.401450609,0,0,0,0,0,0,1.562825749,1.562825749,1.562825749,1.562825749,1.562825749,1.562825749,Vietnam
